Channel,ProductID,BrandName,Model,AltCustomerCode,Week,Sales_count,ReviewCount,Avg_Price
Online,211451583,SCOTT LIVING,CPSL5MBK,1341891,2020W40,NA,11,129.98
Online,211451583,SCOTT LIVING,CPSL5MBK,1341891,2020W41,NA,11,129.98
Online,211451583,SCOTT LIVING,CPSL5MBK,1341891,2020W42,NA,11,129.98
Online,211451583,SCOTT LIVING,CPSL5MBK,1341891,2020W43,NA,11,129.98
Online,211451583,SCOTT LIVING,CPSL5MBK,1341891,2020W44,NA,11,129.98
Online,211451583,SCOTT LIVING,CPSL5MBK,1341891,2020W45,NA,11,129.98
Online,211451583,SCOTT LIVING,CPSL5MBK,1341891,2020W46,NA,11,129.98
Online,211451583,SCOTT LIVING,CPSL5MBK,1341891,2020W47,NA,11,129.98
Online,211451583,SCOTT LIVING,CPSL5MBK,1341891,2020W48,NA,11,129.98
Online,211451583,SCOTT LIVING,CPSL5MBK,1341891,2020W49,NA,11,129.98
Online,211451583,SCOTT LIVING,CPSL5MBK,1341891,2020W50,NA,11,129.98
Online,211451583,SCOTT LIVING,CPSL5MBK,1341891,2020W51,NA,11,129.98
Online,211451583,SCOTT LIVING,CPSL5MBK,1341891,2020W52,NA,11,129.98
Online,211451584,SCOTT LIVING,ILS8BNK,1341884,2020W40,NA,8,179.98
Online,211451584,SCOTT LIVING,ILS8BNK,1341884,2020W41,NA,8,179.98
Online,211451584,SCOTT LIVING,ILS8BNK,1341884,2020W42,NA,8,179.98
Online,211451584,SCOTT LIVING,ILS8BNK,1341884,2020W43,NA,8,179.98
Online,211451584,SCOTT LIVING,ILS8BNK,1341884,2020W44,NA,8,179.98
Online,211451584,SCOTT LIVING,ILS8BNK,1341884,2020W45,NA,9,179.98
Online,211451584,SCOTT LIVING,ILS8BNK,1341884,2020W46,NA,9,179.98
Online,211451584,SCOTT LIVING,ILS8BNK,1341884,2020W47,NA,9,179.98
Online,211451584,SCOTT LIVING,ILS8BNK,1341884,2020W48,NA,9,179.98
Online,211451584,SCOTT LIVING,ILS8BNK,1341884,2020W49,NA,9,179.98
Online,211451584,SCOTT LIVING,ILS8BNK,1341884,2020W50,NA,9,179.98
Online,211451584,SCOTT LIVING,ILS8BNK,1341884,2020W51,NA,10,179.98
Online,211451584,SCOTT LIVING,ILS8BNK,1341884,2020W52,NA,10,179.98
Online,211451585,Project Source,JQY8115A-2,1341840,2020W40,NA,1,89.98
Online,211451585,Project Source,JQY8115A-2,1341840,2020W41,NA,1,89.98
Online,211451585,Project Source,JQY8115A-2,1341840,2020W42,NA,1,89.98
Online,211451585,Project Source,JQY8115A-2,1341840,2020W43,NA,1,89.98
Online,211451585,Project Source,JQY8115A-2,1341840,2020W44,NA,1,89.98
Online,211451585,Project Source,JQY8115A-2,1341840,2020W45,NA,1,89.98
Online,211451585,Project Source,JQY8115A-2,1341840,2020W46,NA,1,89.98
Online,211451585,Project Source,JQY8115A-2,1341840,2020W47,NA,2,89.98
Online,211451585,Project Source,JQY8115A-2,1341840,2020W48,NA,2,89.98
Online,211451585,Project Source,JQY8115A-2,1341840,2020W49,NA,2,89.98
Online,211451585,Project Source,JQY8115A-2,1341840,2020W50,NA,2,89.98
Online,211451585,Project Source,JQY8115A-2,1341840,2020W51,NA,2,89.98
Online,211451585,Project Source,JQY8115A-2,1341840,2020W52,NA,2,89.98
Online,211451586,SCOTT LIVING,CHS4BNK,1341882,2020W40,NA,23,99.98
Online,211451586,SCOTT LIVING,CHS4BNK,1341882,2020W41,NA,23,99.98
Online,211451586,SCOTT LIVING,CHS4BNK,1341882,2020W42,NA,23,99.98
Online,211451586,SCOTT LIVING,CHS4BNK,1341882,2020W43,NA,23,99.98
Online,211451586,SCOTT LIVING,CHS4BNK,1341882,2020W44,NA,24,99.98
Online,211451586,SCOTT LIVING,CHS4BNK,1341882,2020W45,NA,24,99.98
Online,211451586,SCOTT LIVING,CHS4BNK,1341882,2020W46,NA,24,99.98
Online,211451586,SCOTT LIVING,CHS4BNK,1341882,2020W47,NA,24,99.98
Online,211451586,SCOTT LIVING,CHS4BNK,1341882,2020W48,NA,24,99.98
Online,211451586,SCOTT LIVING,CHS4BNK,1341882,2020W49,NA,24,99.98
Online,211451586,SCOTT LIVING,CHS4BNK,1341882,2020W50,NA,24,99.98
Online,211451586,SCOTT LIVING,CHS4BNK,1341882,2020W51,NA,25,99.98
Online,211451586,SCOTT LIVING,CHS4BNK,1341882,2020W52,NA,25,99.98
Online,211451587,Project Source,JQY8113A,1341841,2020W40,NA,2,79.98
Online,211451587,Project Source,JQY8113A,1341841,2020W41,NA,2,79.98
Online,211451587,Project Source,JQY8113A,1341841,2020W42,NA,2,79.98
Online,211451587,Project Source,JQY8113A,1341841,2020W43,NA,2,79.98
Online,211451587,Project Source,JQY8113A,1341841,2020W44,NA,2,79.98
Online,211451587,Project Source,JQY8113A,1341841,2020W45,NA,2,79.98
Online,211451587,Project Source,JQY8113A,1341841,2020W46,NA,2,79.98
Online,211451587,Project Source,JQY8113A,1341841,2020W47,NA,3,79.98
Online,211451587,Project Source,JQY8113A,1341841,2020W48,NA,3,79.98
Online,211451587,Project Source,JQY8113A,1341841,2020W49,NA,3,79.98
Online,211451587,Project Source,JQY8113A,1341841,2020W50,NA,3,79.98
Online,211451587,Project Source,JQY8113A,1341841,2020W51,NA,3,79.98
Online,211451587,Project Source,JQY8113A,1341841,2020W52,NA,3,79.98
Online,211451588,Portfolio,34395,8119,2020W40,NA,90,149.98
Online,211451588,Portfolio,34395,8119,2020W41,NA,90,149.98
Online,211451588,Portfolio,34395,8119,2020W42,NA,91,149.98
Online,211451588,Portfolio,34395,8119,2020W43,NA,91,149.98
Online,211451588,Portfolio,34395,8119,2020W44,NA,91,149.98
Online,211451588,Portfolio,34395,8119,2020W45,NA,91,149.98
Online,211451588,Portfolio,34395,8119,2020W46,NA,91,149.98
Online,211451588,Portfolio,34395,8119,2020W47,NA,91,149.98
Online,211451588,Portfolio,34395,8119,2020W48,NA,92,149.98
Online,211451588,Portfolio,34395,8119,2020W49,NA,92,149.98
Online,211451588,Portfolio,34395,8119,2020W50,NA,92,149.98
Online,211451588,Portfolio,34395,8119,2020W51,NA,92,149.98
Online,211451588,Portfolio,34395,8119,2020W52,NA,92,149.98
Online,211451589,Portfolio,34400,8056,2020W40,NA,90,299.98
Online,211451589,Portfolio,34400,8056,2020W41,NA,90,299.98
Online,211451589,Portfolio,34400,8056,2020W42,NA,91,299.98
Online,211451589,Portfolio,34400,8056,2020W43,NA,91,299.98
Online,211451589,Portfolio,34400,8056,2020W44,NA,91,299.98
Online,211451589,Portfolio,34400,8056,2020W45,NA,91,299.98
Online,211451589,Portfolio,34400,8056,2020W46,NA,91,271.409
Online,211451589,Portfolio,34400,8056,2020W47,NA,91,259.98
Online,211451589,Portfolio,34400,8056,2020W48,NA,92,259.98
Online,211451589,Portfolio,34400,8056,2020W49,NA,92,259.98
Online,211451589,Portfolio,34400,8056,2020W50,NA,92,259.98
Online,211451589,Portfolio,34400,8056,2020W51,NA,92,259.98
Online,211451589,Portfolio,34400,8056,2020W52,NA,92,259.98
Online,211451590,Kichler,34692,615954,2020W40,6,118,299
Online,211451590,Kichler,34692,615954,2020W41,7,118,299
Online,211451590,Kichler,34692,615954,2020W42,7,118,299
Online,211451590,Kichler,34692,615954,2020W43,5,118,299
Online,211451590,Kichler,34692,615954,2020W44,7,118,299
Online,211451590,Kichler,34692,615954,2020W45,9,118,299
Online,211451590,Kichler,34692,615954,2020W46,10,118,299
Online,211451590,Kichler,34692,615954,2020W47,7,118,299
Online,211451590,Kichler,34692,615954,2020W48,6,119,299
Online,211451590,Kichler,34692,615954,2020W49,7,120,299
Online,211451590,Kichler,34692,615954,2020W50,9,121,299
Online,211451590,Kichler,34692,615954,2020W51,NA,121,299
Online,211451590,Kichler,34692,615954,2020W52,NA,121,299
Online,211451591,Quoizel,LWS4616B,1464906,2020W40,NA,2,159.98
Online,211451591,Quoizel,LWS4616B,1464906,2020W41,NA,2,159.98
Online,211451591,Quoizel,LWS4616B,1464906,2020W42,NA,2,159.98
Online,211451591,Quoizel,LWS4616B,1464906,2020W43,NA,2,159.98
Online,211451591,Quoizel,LWS4616B,1464906,2020W44,NA,2,159.98
Online,211451591,Quoizel,LWS4616B,1464906,2020W45,NA,2,159.98
Online,211451591,Quoizel,LWS4616B,1464906,2020W46,NA,2,159.98
Online,211451591,Quoizel,LWS4616B,1464906,2020W47,NA,2,159.98
Online,211451591,Quoizel,LWS4616B,1464906,2020W48,NA,2,159.98
Online,211451591,Quoizel,LWS4616B,1464906,2020W49,NA,2,159.98
Online,211451591,Quoizel,LWS4616B,1464906,2020W50,NA,2,159.98
Online,211451591,Quoizel,LWS4616B,1464906,2020W51,NA,2,159.98
Online,211451591,Quoizel,LWS4616B,1464906,2020W52,NA,2,159.98
Online,211451592,allen + roth,D203000900,1099830,2020W40,NA,13,98
Online,211451592,allen + roth,D203000900,1099830,2020W41,NA,13,98
Online,211451592,allen + roth,D203000900,1099830,2020W42,NA,13,98
Online,211451592,allen + roth,D203000900,1099830,2020W43,NA,13,98
Online,211451592,allen + roth,D203000900,1099830,2020W44,NA,13,98
Online,211451592,allen + roth,D203000900,1099830,2020W45,NA,13,98
Online,211451592,allen + roth,D203000900,1099830,2020W46,NA,13,98
Online,211451592,allen + roth,D203000900,1099830,2020W47,NA,13,98
Online,211451592,allen + roth,D203000900,1099830,2020W48,NA,13,98
Online,211451592,allen + roth,D203000900,1099830,2020W49,NA,13,98
Online,211451592,allen + roth,D203000900,1099830,2020W50,NA,13,198
Online,211451592,allen + roth,D203000900,1099830,2020W51,NA,13,184
Online,211451592,allen + roth,D203000900,1099830,2020W52,NA,13,198
Online,211451594,Kichler,34713,615998,2020W40,2,52,199
Online,211451594,Kichler,34713,615998,2020W41,3,52,199
Online,211451594,Kichler,34713,615998,2020W42,2,52,199
Online,211451594,Kichler,34713,615998,2020W43,5,52,199
Online,211451594,Kichler,34713,615998,2020W44,7,52,199
Online,211451594,Kichler,34713,615998,2020W45,1,52,199
Online,211451594,Kichler,34713,615998,2020W46,4,52,199
Online,211451594,Kichler,34713,615998,2020W47,6,52,199
Online,211451594,Kichler,34713,615998,2020W48,4,52,199
Online,211451594,Kichler,34713,615998,2020W49,8,52,199
Online,211451594,Kichler,34713,615998,2020W50,11,52,199
Online,211451594,Kichler,34713,615998,2020W51,NA,52,199
Online,211451594,Kichler,34713,615998,2020W52,NA,52,199
Online,211451595,Kichler,34694,615956,2020W40,15,118,149.98
Online,211451595,Kichler,34694,615956,2020W41,8,118,149.98
Online,211451595,Kichler,34694,615956,2020W42,17,118,149.98
Online,211451595,Kichler,34694,615956,2020W43,24,118,149.98
Online,211451595,Kichler,34694,615956,2020W44,20,118,149.98
Online,211451595,Kichler,34694,615956,2020W45,16,118,149.98
Online,211451595,Kichler,34694,615956,2020W46,20,118,149.98
Online,211451595,Kichler,34694,615956,2020W47,27,118,149.98
Online,211451595,Kichler,34694,615956,2020W48,18,119,149.98
Online,211451595,Kichler,34694,615956,2020W49,28,120,149.98
Online,211451595,Kichler,34694,615956,2020W50,31,121,149.98
Online,211451595,Kichler,34694,615956,2020W51,NA,121,149.98
Online,211451595,Kichler,34694,615956,2020W52,NA,121,149.98
Online,211451597,Kichler,34712,615997,2020W40,1,52,269
Online,211451597,Kichler,34712,615997,2020W41,6,52,269
Online,211451597,Kichler,34712,615997,2020W42,3,52,269
Online,211451597,Kichler,34712,615997,2020W43,4,52,269
Online,211451597,Kichler,34712,615997,2020W44,3,52,269
Online,211451597,Kichler,34712,615997,2020W45,-1,52,269
Online,211451597,Kichler,34712,615997,2020W46,3,52,269
Online,211451597,Kichler,34712,615997,2020W47,3,52,269
Online,211451597,Kichler,34712,615997,2020W48,2,52,269
Online,211451597,Kichler,34712,615997,2020W49,2,52,269
Online,211451597,Kichler,34712,615997,2020W50,4,52,269
Online,211451597,Kichler,34712,615997,2020W51,NA,52,269
Online,211451597,Kichler,34712,615997,2020W52,NA,52,269
Online,211451598,Kichler,34693,615955,2020W40,1,118,199.98
Online,211451598,Kichler,34693,615955,2020W41,5,118,199.98
Online,211451598,Kichler,34693,615955,2020W42,9,118,199.98
Online,211451598,Kichler,34693,615955,2020W43,9,118,199.98
Online,211451598,Kichler,34693,615955,2020W44,5,118,199.98
Online,211451598,Kichler,34693,615955,2020W45,19,118,199.98
Online,211451598,Kichler,34693,615955,2020W46,4,118,199.98
Online,211451598,Kichler,34693,615955,2020W47,22,118,199.98
Online,211451598,Kichler,34693,615955,2020W48,1,119,199.98
Online,211451598,Kichler,34693,615955,2020W49,21,120,199.98
Online,211451598,Kichler,34693,615955,2020W50,6,121,199.98
Online,211451598,Kichler,34693,615955,2020W51,NA,121,199.98
Online,211451598,Kichler,34693,615955,2020W52,NA,121,199.98
Online,211451599,Kichler,34755,670129,2020W40,1,118,194.14
Online,211451599,Kichler,34755,670129,2020W41,2,118,199.95
Online,211451599,Kichler,34755,670129,2020W42,3,118,219.04
Online,211451599,Kichler,34755,670129,2020W43,3,118,199.12
Online,211451599,Kichler,34755,670129,2020W44,0,118,204.1
Online,211451599,Kichler,34755,670129,2020W45,3,118,229
Online,211451599,Kichler,34755,670129,2020W46,2,118,229
Online,211451599,Kichler,34755,670129,2020W47,1,118,229
Online,211451599,Kichler,34755,670129,2020W48,0,119,229
Online,211451599,Kichler,34755,670129,2020W49,0,120,229
Online,211451599,Kichler,34755,670129,2020W50,0,121,229
Online,211451599,Kichler,34755,670129,2020W51,NA,121,209.08
Online,211451599,Kichler,34755,670129,2020W52,NA,121,194.14
Online,211451600,Kichler,34754,670128,2020W40,0,118,271.32
Online,211451600,Kichler,34754,670128,2020W41,0,118,271.32
Online,211451600,Kichler,34754,670128,2020W42,0,118,271.32
Online,211451600,Kichler,34754,670128,2020W43,0,118,271.32
Online,211451600,Kichler,34754,670128,2020W44,0,118,299
Online,211451600,Kichler,34754,670128,2020W45,0,118,299
Online,211451600,Kichler,34754,670128,2020W46,2,118,299
Online,211451600,Kichler,34754,670128,2020W47,0,118,299
Online,211451600,Kichler,34754,670128,2020W48,1,119,299
Online,211451600,Kichler,34754,670128,2020W49,0,120,299
Online,211451600,Kichler,34754,670128,2020W50,0,121,299
Online,211451600,Kichler,34754,670128,2020W51,NA,121,299
Online,211451600,Kichler,34754,670128,2020W52,NA,121,299
Online,211451601,Kichler,34756,670130,2020W40,0,118,160
Online,211451601,Kichler,34756,670130,2020W41,1,118,160
Online,211451601,Kichler,34756,670130,2020W42,0,118,154.594
Online,211451601,Kichler,34756,670130,2020W43,0,118,122.16
Online,211451601,Kichler,34756,670130,2020W44,2,118,160
Online,211451601,Kichler,34756,670130,2020W45,2,118,160
Online,211451601,Kichler,34756,670130,2020W46,4,118,143.783
Online,211451601,Kichler,34756,670130,2020W47,2,118,132.971
Online,211451601,Kichler,34756,670130,2020W48,1,119,132.971
Online,211451601,Kichler,34756,670130,2020W49,1,120,127.566
Online,211451601,Kichler,34756,670130,2020W50,1,121,154.594
Online,211451601,Kichler,34756,670130,2020W51,NA,121,160
Online,211451601,Kichler,34756,670130,2020W52,NA,121,160
Online,211451602,Portfolio,34393,8114,2020W40,NA,90,179.98
Online,211451602,Portfolio,34393,8114,2020W41,NA,90,179.98
Online,211451602,Portfolio,34393,8114,2020W42,NA,91,179.98
Online,211451602,Portfolio,34393,8114,2020W43,NA,91,179.98
Online,211451602,Portfolio,34393,8114,2020W44,NA,91,179.98
Online,211451602,Portfolio,34393,8114,2020W45,NA,91,179.98
Online,211451602,Portfolio,34393,8114,2020W46,NA,91,179.98
Online,211451602,Portfolio,34393,8114,2020W47,NA,91,179.98
Online,211451602,Portfolio,34393,8114,2020W48,NA,92,179.98
Online,211451602,Portfolio,34393,8114,2020W49,NA,92,179.98
Online,211451602,Portfolio,34393,8114,2020W50,NA,92,179.98
Online,211451602,Portfolio,34393,8114,2020W51,NA,92,179.98
Online,211451602,Portfolio,34393,8114,2020W52,NA,92,179.98
Online,211451603,Kichler,43859SN,1252743,2020W40,NA,1,449.99
Online,211451603,Kichler,43859SN,1252743,2020W41,1,1,438.74
Online,211451603,Kichler,43859SN,1252743,2020W42,NA,1,382.49
Online,211451603,Kichler,43859SN,1252743,2020W43,1,1,422.99
Online,211451603,Kichler,43859SN,1252743,2020W44,NA,1,449.99
Online,211451603,Kichler,43859SN,1252743,2020W45,NA,1,449.99
Online,211451603,Kichler,43859SN,1252743,2020W46,NA,1,449.99
Online,211451603,Kichler,43859SN,1252743,2020W47,2,1,372.847
Online,211451603,Kichler,43859SN,1252743,2020W48,1,1,359.99
Online,211451603,Kichler,43859SN,1252743,2020W49,1,1,359.99
Online,211451603,Kichler,43859SN,1252743,2020W50,1,2,411.419
Online,211451603,Kichler,43859SN,1252743,2020W51,NA,2,449.99
Online,211451603,Kichler,43859SN,1252743,2020W52,NA,2,449.99
Online,211451604,Kichler,43859NBR,1252742,2020W40,0,1,449.99
Online,211451604,Kichler,43859NBR,1252742,2020W41,1,1,438.74
Online,211451604,Kichler,43859NBR,1252742,2020W42,2,1,382.49
Online,211451604,Kichler,43859NBR,1252742,2020W43,NA,1,409.49
Online,211451604,Kichler,43859NBR,1252742,2020W44,NA,1,449.99
Online,211451604,Kichler,43859NBR,1252742,2020W45,NA,1,449.99
Online,211451604,Kichler,43859NBR,1252742,2020W46,NA,1,449.99
Online,211451604,Kichler,43859NBR,1252742,2020W47,2,1,372.847
Online,211451604,Kichler,43859NBR,1252742,2020W48,-1,1,359.99
Online,211451604,Kichler,43859NBR,1252742,2020W49,5,1,359.99
Online,211451604,Kichler,43859NBR,1252742,2020W50,1,2,411.419
Online,211451604,Kichler,43859NBR,1252742,2020W51,NA,2,449.99
Online,211451604,Kichler,43859NBR,1252742,2020W52,NA,2,449.99
Online,211451605,Minka Lavery,4636-106,2483214,2020W40,NA,1,454.95
Online,211451605,Minka Lavery,4636-106,2483214,2020W41,NA,1,454.95
Online,211451605,Minka Lavery,4636-106,2483214,2020W42,NA,1,454.95
Online,211451605,Minka Lavery,4636-106,2483214,2020W43,NA,1,454.95
Online,211451605,Minka Lavery,4636-106,2483214,2020W44,NA,1,454.95
Online,211451605,Minka Lavery,4636-106,2483214,2020W45,NA,1,454.95
Online,211451605,Minka Lavery,4636-106,2483214,2020W46,NA,1,454.95
Online,211451605,Minka Lavery,4636-106,2483214,2020W47,NA,1,454.95
Online,211451605,Minka Lavery,4636-106,2483214,2020W48,NA,1,454.95
Online,211451605,Minka Lavery,4636-106,2483214,2020W49,NA,1,454.95
Online,211451605,Minka Lavery,4636-106,2483214,2020W50,NA,1,454.95
Online,211451605,Minka Lavery,4636-106,2483214,2020W51,NA,1,454.95
Online,211451605,Minka Lavery,4636-106,2483214,2020W52,NA,1,454.95
Online,211451606,Kichler,44029NI,1252795,2020W40,0,9,129.99
Online,211451606,Kichler,44029NI,1252795,2020W41,NA,9,129.99
Online,211451606,Kichler,44029NI,1252795,2020W42,NA,9,129.99
Online,211451606,Kichler,44029NI,1252795,2020W43,NA,9,129.99
Online,211451606,Kichler,44029NI,1252795,2020W44,0,9,129.99
Online,211451606,Kichler,44029NI,1252795,2020W45,NA,9,111.419
Online,211451606,Kichler,44029NI,1252795,2020W46,NA,9,103.99
Online,211451606,Kichler,44029NI,1252795,2020W47,1,10,103.99
Online,211451606,Kichler,44029NI,1252795,2020W48,NA,10,103.99
Online,211451606,Kichler,44029NI,1252795,2020W49,NA,10,103.99
Online,211451606,Kichler,44029NI,1252795,2020W50,NA,10,118.847
Online,211451606,Kichler,44029NI,1252795,2020W51,NA,10,129.99
Online,211451606,Kichler,44029NI,1252795,2020W52,NA,10,129.99
Online,211451607,Kichler,44029OZ,1252796,2020W40,0,9,129.99
Online,211451607,Kichler,44029OZ,1252796,2020W41,0,9,129.99
Online,211451607,Kichler,44029OZ,1252796,2020W42,NA,9,129.99
Online,211451607,Kichler,44029OZ,1252796,2020W43,NA,9,129.99
Online,211451607,Kichler,44029OZ,1252796,2020W44,1,9,129.99
Online,211451607,Kichler,44029OZ,1252796,2020W45,0,9,111.419
Online,211451607,Kichler,44029OZ,1252796,2020W46,0,9,103.99
Online,211451607,Kichler,44029OZ,1252796,2020W47,0,10,103.99
Online,211451607,Kichler,44029OZ,1252796,2020W48,0,10,103.99
Online,211451607,Kichler,44029OZ,1252796,2020W49,4,10,103.99
Online,211451607,Kichler,44029OZ,1252796,2020W50,1,10,118.847
Online,211451607,Kichler,44029OZ,1252796,2020W51,NA,10,129.99
Online,211451607,Kichler,44029OZ,1252796,2020W52,NA,10,129.99
Online,211451608,Kichler,44030NI,1252797,2020W40,0,9,174.99
Online,211451608,Kichler,44030NI,1252797,2020W41,0,9,174.99
Online,211451608,Kichler,44030NI,1252797,2020W42,2,9,174.99
Online,211451608,Kichler,44030NI,1252797,2020W43,0,9,174.99
Online,211451608,Kichler,44030NI,1252797,2020W44,0,9,174.99
Online,211451608,Kichler,44030NI,1252797,2020W45,0,9,149.99
Online,211451608,Kichler,44030NI,1252797,2020W46,0,9,139.99
Online,211451608,Kichler,44030NI,1252797,2020W47,1,10,139.99
Online,211451608,Kichler,44030NI,1252797,2020W48,1,10,139.99
Online,211451608,Kichler,44030NI,1252797,2020W49,0,10,139.99
Online,211451608,Kichler,44030NI,1252797,2020W50,0,10,159.99
Online,211451608,Kichler,44030NI,1252797,2020W51,NA,10,174.99
Online,211451608,Kichler,44030NI,1252797,2020W52,NA,10,174.99
Online,211451609,Kichler,44030OZ,1252798,2020W40,6,9,174.99
Online,211451609,Kichler,44030OZ,1252798,2020W41,3,9,170.615
Online,211451609,Kichler,44030OZ,1252798,2020W42,4,9,148.74
Online,211451609,Kichler,44030OZ,1252798,2020W43,7,9,159.99
Online,211451609,Kichler,44030OZ,1252798,2020W44,3,9,174.99
Online,211451609,Kichler,44030OZ,1252798,2020W45,8,9,149.99
Online,211451609,Kichler,44030OZ,1252798,2020W46,4,9,139.99
Online,211451609,Kichler,44030OZ,1252798,2020W47,-1,10,139.99
Online,211451609,Kichler,44030OZ,1252798,2020W48,3,10,139.99
Online,211451609,Kichler,44030OZ,1252798,2020W49,1,10,139.99
Online,211451609,Kichler,44030OZ,1252798,2020W50,5,10,159.99
Online,211451609,Kichler,44030OZ,1252798,2020W51,NA,10,174.99
Online,211451609,Kichler,44030OZ,1252798,2020W52,NA,10,174.99
Online,211451610,Kichler,44031NI,1252799,2020W40,1,9,399.99
Online,211451610,Kichler,44031NI,1252799,2020W41,NA,9,389.99
Online,211451610,Kichler,44031NI,1252799,2020W42,0,9,339.99
Online,211451610,Kichler,44031NI,1252799,2020W43,0,9,365.704
Online,211451610,Kichler,44031NI,1252799,2020W44,0,9,399.99
Online,211451610,Kichler,44031NI,1252799,2020W45,1,9,342.847
Online,211451610,Kichler,44031NI,1252799,2020W46,-1,9,319.99
Online,211451610,Kichler,44031NI,1252799,2020W47,NA,10,319.99
Online,211451610,Kichler,44031NI,1252799,2020W48,NA,10,319.99
Online,211451610,Kichler,44031NI,1252799,2020W49,NA,10,319.99
Online,211451610,Kichler,44031NI,1252799,2020W50,NA,10,365.704
Online,211451610,Kichler,44031NI,1252799,2020W51,NA,10,399.99
Online,211451610,Kichler,44031NI,1252799,2020W52,NA,10,399.99
Online,211451611,Kichler,44031OZ,1252800,2020W40,NA,9,399.99
Online,211451611,Kichler,44031OZ,1252800,2020W41,0,9,399.99
Online,211451611,Kichler,44031OZ,1252800,2020W42,NA,9,399.99
Online,211451611,Kichler,44031OZ,1252800,2020W43,NA,9,399.99
Online,211451611,Kichler,44031OZ,1252800,2020W44,1,9,399.99
Online,211451611,Kichler,44031OZ,1252800,2020W45,NA,9,342.847
Online,211451611,Kichler,44031OZ,1252800,2020W46,0,9,319.99
Online,211451611,Kichler,44031OZ,1252800,2020W47,NA,10,319.99
Online,211451611,Kichler,44031OZ,1252800,2020W48,NA,10,319.99
Online,211451611,Kichler,44031OZ,1252800,2020W49,1,10,319.99
Online,211451611,Kichler,44031OZ,1252800,2020W50,0,10,365.704
Online,211451611,Kichler,44031OZ,1252800,2020W51,NA,10,399.99
Online,211451611,Kichler,44031OZ,1252800,2020W52,NA,10,399.99
Online,211451612,Kichler,44035NI,1477217,2020W40,NA,9,374.99
Online,211451612,Kichler,44035NI,1477217,2020W41,NA,9,365.615
Online,211451612,Kichler,44035NI,1477217,2020W42,0,9,318.74
Online,211451612,Kichler,44035NI,1477217,2020W43,1,9,342.847
Online,211451612,Kichler,44035NI,1477217,2020W44,0,9,374.99
Online,211451612,Kichler,44035NI,1477217,2020W45,0,9,321.419
Online,211451612,Kichler,44035NI,1477217,2020W46,NA,9,299.99
Online,211451612,Kichler,44035NI,1477217,2020W47,3,10,299.99
Online,211451612,Kichler,44035NI,1477217,2020W48,0,10,299.99
Online,211451612,Kichler,44035NI,1477217,2020W49,2,10,299.99
Online,211451612,Kichler,44035NI,1477217,2020W50,2,10,342.847
Online,211451612,Kichler,44035NI,1477217,2020W51,NA,10,374.99
Online,211451612,Kichler,44035NI,1477217,2020W52,NA,10,374.99
Online,211451613,Kichler,44035OZ,1477220,2020W40,2,9,374.99
Online,211451613,Kichler,44035OZ,1477220,2020W41,0,9,365.615
Online,211451613,Kichler,44035OZ,1477220,2020W42,NA,9,318.74
Online,211451613,Kichler,44035OZ,1477220,2020W43,0,9,342.847
Online,211451613,Kichler,44035OZ,1477220,2020W44,0,9,374.99
Online,211451613,Kichler,44035OZ,1477220,2020W45,1,9,321.419
Online,211451613,Kichler,44035OZ,1477220,2020W46,1,9,299.99
Online,211451613,Kichler,44035OZ,1477220,2020W47,NA,10,299.99
Online,211451613,Kichler,44035OZ,1477220,2020W48,NA,10,299.99
Online,211451613,Kichler,44035OZ,1477220,2020W49,1,10,299.99
Online,211451613,Kichler,44035OZ,1477220,2020W50,2,10,342.847
Online,211451613,Kichler,44035OZ,1477220,2020W51,NA,10,374.99
Online,211451613,Kichler,44035OZ,1477220,2020W52,NA,10,374.99
Online,211451614,Kichler,44029BK,2416111,2020W40,-1,9,129.99
Online,211451614,Kichler,44029BK,2416111,2020W41,1,9,129.99
Online,211451614,Kichler,44029BK,2416111,2020W42,-2,9,129.99
Online,211451614,Kichler,44029BK,2416111,2020W43,1,9,129.99
Online,211451614,Kichler,44029BK,2416111,2020W44,2,9,129.99
Online,211451614,Kichler,44029BK,2416111,2020W45,3,9,111.419
Online,211451614,Kichler,44029BK,2416111,2020W46,1,9,103.99
Online,211451614,Kichler,44029BK,2416111,2020W47,6,10,103.99
Online,211451614,Kichler,44029BK,2416111,2020W48,1,10,103.99
Online,211451614,Kichler,44029BK,2416111,2020W49,2,10,103.99
Online,211451614,Kichler,44029BK,2416111,2020W50,1,10,118.847
Online,211451614,Kichler,44029BK,2416111,2020W51,NA,10,129.99
Online,211451614,Kichler,44029BK,2416111,2020W52,NA,10,129.99
Online,211451615,Kichler,44031BK,2416113,2020W40,1,9,399.99
Online,211451615,Kichler,44031BK,2416113,2020W41,NA,9,389.99
Online,211451615,Kichler,44031BK,2416113,2020W42,0,9,339.99
Online,211451615,Kichler,44031BK,2416113,2020W43,0,9,365.704
Online,211451615,Kichler,44031BK,2416113,2020W44,1,9,399.99
Online,211451615,Kichler,44031BK,2416113,2020W45,1,9,342.847
Online,211451615,Kichler,44031BK,2416113,2020W46,1,9,319.99
Retail,211451615,Kichler,44031BK,2416113,2020W47,3,10,319.99
Retail,211451615,Kichler,44031BK,2416113,2020W48,0,10,319.99
Retail,211451615,Kichler,44031BK,2416113,2020W49,1,10,319.99
Retail,211451615,Kichler,44031BK,2416113,2020W50,2,10,365.704
Retail,211451615,Kichler,44031BK,2416113,2020W51,NA,10,399.99
Retail,211451615,Kichler,44031BK,2416113,2020W52,NA,10,399.99
Retail,211451616,Kichler,44035BK,2416115,2020W40,0,9,374.99
Retail,211451616,Kichler,44035BK,2416115,2020W41,1,9,365.615
Retail,211451616,Kichler,44035BK,2416115,2020W42,1,9,318.74
Retail,211451616,Kichler,44035BK,2416115,2020W43,2,9,342.847
Retail,211451616,Kichler,44035BK,2416115,2020W44,0,9,374.99
Retail,211451616,Kichler,44035BK,2416115,2020W45,2,9,321.419
Retail,211451616,Kichler,44035BK,2416115,2020W46,1,9,299.99
Retail,211451616,Kichler,44035BK,2416115,2020W47,0,10,299.99
Retail,211451616,Kichler,44035BK,2416115,2020W48,-1,10,299.99
Retail,211451616,Kichler,44035BK,2416115,2020W49,0,10,299.99
Retail,211451616,Kichler,44035BK,2416115,2020W50,3,10,342.847
Retail,211451616,Kichler,44035BK,2416115,2020W51,NA,10,374.99
Retail,211451616,Kichler,44035BK,2416115,2020W52,NA,10,374.99
Retail,211451617,Kichler,44030BK,2416112,2020W40,6,9,174.99
Retail,211451617,Kichler,44030BK,2416112,2020W41,8,9,174.99
Retail,211451617,Kichler,44030BK,2416112,2020W42,-1,9,174.99
Retail,211451617,Kichler,44030BK,2416112,2020W43,-1,9,174.99
Retail,211451617,Kichler,44030BK,2416112,2020W44,NA,9,174.99
Retail,211451617,Kichler,44030BK,2416112,2020W45,-1,9,149.99
Retail,211451617,Kichler,44030BK,2416112,2020W46,0,9,139.99
Retail,211451617,Kichler,44030BK,2416112,2020W47,0,10,139.99
Retail,211451617,Kichler,44030BK,2416112,2020W48,0,10,139.99
Retail,211451617,Kichler,44030BK,2416112,2020W49,NA,10,139.99
Retail,211451617,Kichler,44030BK,2416112,2020W50,0,10,159.99
Retail,211451617,Kichler,44030BK,2416112,2020W51,NA,10,174.99
Retail,211451617,Kichler,44030BK,2416112,2020W52,NA,10,174.99
Retail,211451618,Kichler,44034OZ,1424657,2020W40,0,9,324.99
Retail,211451618,Kichler,44034OZ,1424657,2020W41,NA,9,316.865
Retail,211451618,Kichler,44034OZ,1424657,2020W42,2,9,276.24
Retail,211451618,Kichler,44034OZ,1424657,2020W43,2,9,297.133
Retail,211451618,Kichler,44034OZ,1424657,2020W44,1,9,324.99
Retail,211451618,Kichler,44034OZ,1424657,2020W45,1,9,278.561
Retail,211451618,Kichler,44034OZ,1424657,2020W46,5,9,259.99
Retail,211451618,Kichler,44034OZ,1424657,2020W47,0,10,259.99
Retail,211451618,Kichler,44034OZ,1424657,2020W48,0,10,259.99
Retail,211451618,Kichler,44034OZ,1424657,2020W49,3,10,259.99
Retail,211451618,Kichler,44034OZ,1424657,2020W50,0,10,297.133
Retail,211451618,Kichler,44034OZ,1424657,2020W51,NA,10,324.99
Retail,211451618,Kichler,44034OZ,1424657,2020W52,NA,10,324.99
Retail,211451619,Kichler,44034BK,2416114,2020W40,0,9,324.99
Retail,211451619,Kichler,44034BK,2416114,2020W41,2,9,316.865
Retail,211451619,Kichler,44034BK,2416114,2020W42,0,9,276.24
Retail,211451619,Kichler,44034BK,2416114,2020W43,1,9,297.133
Retail,211451619,Kichler,44034BK,2416114,2020W44,2,9,324.99
Retail,211451619,Kichler,44034BK,2416114,2020W45,3,9,278.561
Retail,211451619,Kichler,44034BK,2416114,2020W46,0,9,259.99
Retail,211451619,Kichler,44034BK,2416114,2020W47,2,10,259.99
Retail,211451619,Kichler,44034BK,2416114,2020W48,1,10,259.99
Retail,211451619,Kichler,44034BK,2416114,2020W49,7,10,259.99
Retail,211451619,Kichler,44034BK,2416114,2020W50,0,10,297.133
Retail,211451619,Kichler,44034BK,2416114,2020W51,NA,10,324.99
Retail,211451619,Kichler,44034BK,2416114,2020W52,NA,10,324.99
Retail,211451620,Kichler,44034NI,1477271,2020W40,0,9,324.99
Retail,211451620,Kichler,44034NI,1477271,2020W41,4,9,316.865
Retail,211451620,Kichler,44034NI,1477271,2020W42,1,9,276.24
Retail,211451620,Kichler,44034NI,1477271,2020W43,2,9,297.133
Retail,211451620,Kichler,44034NI,1477271,2020W44,2,9,324.99
Retail,211451620,Kichler,44034NI,1477271,2020W45,2,9,278.561
Retail,211451620,Kichler,44034NI,1477271,2020W46,3,9,259.99
Retail,211451620,Kichler,44034NI,1477271,2020W47,2,10,259.99
Retail,211451620,Kichler,44034NI,1477271,2020W48,3,10,259.99
Retail,211451620,Kichler,44034NI,1477271,2020W49,10,10,259.99
Retail,211451620,Kichler,44034NI,1477271,2020W50,3,10,297.133
Retail,211451620,Kichler,44034NI,1477271,2020W51,NA,10,324.99
Retail,211451620,Kichler,44034NI,1477271,2020W52,NA,10,324.99
Retail,211451621,Kichler,34801,759410,2020W40,NA,52,199
Retail,211451621,Kichler,34801,759410,2020W41,NA,52,199
Retail,211451621,Kichler,34801,759410,2020W42,NA,52,199
Retail,211451621,Kichler,34801,759410,2020W43,NA,52,199
Retail,211451621,Kichler,34801,759410,2020W44,NA,52,199
Retail,211451621,Kichler,34801,759410,2020W45,NA,52,199
Retail,211451621,Kichler,34801,759410,2020W46,0,52,199
Retail,211451621,Kichler,34801,759410,2020W47,0,52,199
Retail,211451621,Kichler,34801,759410,2020W48,0,52,199
Retail,211451621,Kichler,34801,759410,2020W49,0,52,199
Retail,211451621,Kichler,34801,759410,2020W50,0,52,199
Retail,211451621,Kichler,34801,759410,2020W51,NA,52,199
Retail,211451621,Kichler,34801,759410,2020W52,NA,52,199
Retail,211451622,Kichler,34802,759413,2020W40,0,52,139
Retail,211451622,Kichler,34802,759413,2020W41,0,52,139
Retail,211451622,Kichler,34802,759413,2020W42,0,52,139
Retail,211451622,Kichler,34802,759413,2020W43,NA,52,139
Retail,211451622,Kichler,34802,759413,2020W44,NA,52,139
Retail,211451622,Kichler,34802,759413,2020W45,NA,52,139
Retail,211451622,Kichler,34802,759413,2020W46,NA,52,139
Retail,211451622,Kichler,34802,759413,2020W47,NA,52,139
Retail,211451622,Kichler,34802,759413,2020W48,NA,52,139
Retail,211451622,Kichler,34802,759413,2020W49,NA,52,139
Retail,211451622,Kichler,34802,759413,2020W50,0,52,139
Retail,211451622,Kichler,34802,759413,2020W51,NA,52,139
Retail,211451622,Kichler,34802,759413,2020W52,NA,52,139
Retail,211451623,Minka Lavery,4639-106,1640813,2020W40,NA,1,749.95
Retail,211451623,Minka Lavery,4639-106,1640813,2020W41,NA,1,749.95
Retail,211451623,Minka Lavery,4639-106,1640813,2020W42,NA,1,749.95
Retail,211451623,Minka Lavery,4639-106,1640813,2020W43,NA,1,749.95
Retail,211451623,Minka Lavery,4639-106,1640813,2020W44,NA,1,749.95
Retail,211451623,Minka Lavery,4639-106,1640813,2020W45,NA,1,749.95
Retail,211451623,Minka Lavery,4639-106,1640813,2020W46,NA,1,749.95
Retail,211451623,Minka Lavery,4639-106,1640813,2020W47,NA,1,749.95
Retail,211451623,Minka Lavery,4639-106,1640813,2020W48,NA,1,674.955
Retail,211451623,Minka Lavery,4639-106,1640813,2020W49,NA,1,599.96
Retail,211451623,Minka Lavery,4639-106,1640813,2020W50,NA,1,649.957
Retail,211451623,Minka Lavery,4639-106,1640813,2020W51,NA,1,749.95
Retail,211451623,Minka Lavery,4639-106,1640813,2020W52,NA,1,749.95
Retail,211451624,Progress Lighting,P4626-09,559741,2020W40,NA,102,772.02
Retail,211451624,Progress Lighting,P4626-09,559741,2020W41,NA,102,772.02
Retail,211451624,Progress Lighting,P4626-09,559741,2020W42,NA,102,772.02
Retail,211451624,Progress Lighting,P4626-09,559741,2020W43,NA,102,630.137
Retail,211451624,Progress Lighting,P4626-09,559741,2020W44,NA,102,509.87
Retail,211451624,Progress Lighting,P4626-09,559741,2020W45,NA,104,507.23
Retail,211451624,Progress Lighting,P4626-09,559741,2020W46,NA,105,497.531
Retail,211451624,Progress Lighting,P4626-09,559741,2020W47,NA,105,494.1
Retail,211451624,Progress Lighting,P4626-09,559741,2020W48,NA,105,494.1
Retail,211451624,Progress Lighting,P4626-09,559741,2020W49,NA,105,494.1
Retail,211451624,Progress Lighting,P4626-09,559741,2020W50,NA,105,494.1
Retail,211451624,Progress Lighting,P4626-09,559741,2020W51,NA,105,494.1
Retail,211451624,Progress Lighting,P4626-09,559741,2020W52,NA,105,494.1
Retail,211451625,SCOTT LIVING,CPSL3SG,1411947,2020W40,NA,6,249.63
Retail,211451625,SCOTT LIVING,CPSL3SG,1411947,2020W41,NA,6,249.63
Retail,211451625,SCOTT LIVING,CPSL3SG,1411947,2020W42,NA,6,249.63
Retail,211451625,SCOTT LIVING,CPSL3SG,1411947,2020W43,NA,6,249.63
Retail,211451625,SCOTT LIVING,CPSL3SG,1411947,2020W44,NA,6,249.63
Retail,211451625,SCOTT LIVING,CPSL3SG,1411947,2020W45,NA,7,249.63
Retail,211451625,SCOTT LIVING,CPSL3SG,1411947,2020W46,NA,7,249.63
Retail,211451625,SCOTT LIVING,CPSL3SG,1411947,2020W47,NA,7,249.63
Retail,211451625,SCOTT LIVING,CPSL3SG,1411947,2020W48,NA,7,249.63
Retail,211451625,SCOTT LIVING,CPSL3SG,1411947,2020W49,NA,7,249.63
Retail,211451625,SCOTT LIVING,CPSL3SG,1411947,2020W50,NA,7,249.63
Retail,211451625,SCOTT LIVING,CPSL3SG,1411947,2020W51,NA,7,249.63
Retail,211451625,SCOTT LIVING,CPSL3SG,1411947,2020W52,NA,7,249.63
Retail,211451626,Progress Lighting,P4828-09,650052,2020W40,NA,102,179
Retail,211451626,Progress Lighting,P4828-09,650052,2020W41,NA,102,179
Retail,211451626,Progress Lighting,P4828-09,650052,2020W42,NA,102,179
Retail,211451626,Progress Lighting,P4828-09,650052,2020W43,NA,102,179
Retail,211451626,Progress Lighting,P4828-09,650052,2020W44,NA,102,179
Retail,211451626,Progress Lighting,P4828-09,650052,2020W45,NA,104,179
Retail,211451626,Progress Lighting,P4828-09,650052,2020W46,NA,105,179
Retail,211451626,Progress Lighting,P4828-09,650052,2020W47,NA,105,179
Retail,211451626,Progress Lighting,P4828-09,650052,2020W48,NA,105,179
Retail,211451626,Progress Lighting,P4828-09,650052,2020W49,NA,105,179
Retail,211451626,Progress Lighting,P4828-09,650052,2020W50,NA,105,179
Retail,211451626,Progress Lighting,P4828-09,650052,2020W51,NA,105,179
Retail,211451626,Progress Lighting,P4828-09,650052,2020W52,NA,105,179
Retail,211451627,Maxim Lighting,23078CLFTPC/BUL,1340841,2020W40,NA,0,848
Retail,211451627,Maxim Lighting,23078CLFTPC/BUL,1340841,2020W41,NA,0,848
Retail,211451627,Maxim Lighting,23078CLFTPC/BUL,1340841,2020W42,NA,0,848
Retail,211451627,Maxim Lighting,23078CLFTPC/BUL,1340841,2020W43,NA,0,848
Retail,211451627,Maxim Lighting,23078CLFTPC/BUL,1340841,2020W44,NA,0,848
Retail,211451627,Maxim Lighting,23078CLFTPC/BUL,1340841,2020W45,NA,0,784.4
Retail,211451627,Maxim Lighting,23078CLFTPC/BUL,1340841,2020W46,NA,0,720.8
Retail,211451627,Maxim Lighting,23078CLFTPC/BUL,1340841,2020W47,NA,0,720.8
Retail,211451627,Maxim Lighting,23078CLFTPC/BUL,1340841,2020W48,NA,0,710.2
Retail,211451627,Maxim Lighting,23078CLFTPC/BUL,1340841,2020W49,NA,0,720.8
Retail,211451627,Maxim Lighting,23078CLFTPC/BUL,1340841,2020W50,NA,0,678.4
Retail,211451627,Maxim Lighting,23078CLFTPC/BUL,1340841,2020W51,NA,0,746.24
Retail,211451627,Maxim Lighting,23078CLFTPC/BUL,1340841,2020W52,NA,0,848
Retail,211451628,allen + roth,D203000401,1099829,2020W40,NA,3,178
Retail,211451628,allen + roth,D203000401,1099829,2020W41,NA,3,178
Retail,211451628,allen + roth,D203000401,1099829,2020W42,NA,3,178
Retail,211451628,allen + roth,D203000401,1099829,2020W43,NA,3,178
Retail,211451628,allen + roth,D203000401,1099829,2020W44,NA,3,178
Retail,211451628,allen + roth,D203000401,1099829,2020W45,NA,3,178
Retail,211451628,allen + roth,D203000401,1099829,2020W46,NA,3,178
Retail,211451628,allen + roth,D203000401,1099829,2020W47,NA,3,178
Retail,211451628,allen + roth,D203000401,1099829,2020W48,NA,3,178
Retail,211451628,allen + roth,D203000401,1099829,2020W49,NA,3,160
Retail,211451628,allen + roth,D203000401,1099829,2020W50,NA,3,178
Retail,211451628,allen + roth,D203000401,1099829,2020W51,NA,3,178
Retail,211451628,allen + roth,D203000401,1099829,2020W52,NA,3,178
Retail,211451629,Kichler,42923CLP,1252936,2020W40,6,0,372
Retail,211451629,Kichler,42923CLP,1252936,2020W41,-2,0,372
Retail,211451629,Kichler,42923CLP,1252936,2020W42,7,0,332.347
Retail,211451629,Kichler,42923CLP,1252936,2020W43,-1,0,323.829
Retail,211451629,Kichler,42923CLP,1252936,2020W44,-1,0,287.7
Retail,211451629,Kichler,42923CLP,1252936,2020W45,NA,0,262.3
Retail,211451629,Kichler,42923CLP,1252936,2020W46,0,0,262.3
Retail,211451629,Kichler,42923CLP,1252936,2020W47,-1,0,262.3
Retail,211451629,Kichler,42923CLP,1252936,2020W48,NA,0,262.3
Retail,211451629,Kichler,42923CLP,1252936,2020W49,NA,0,262.3
Retail,211451629,Kichler,42923CLP,1252936,2020W50,NA,0,262.3
Retail,211451629,Kichler,42923CLP,1252936,2020W51,NA,0,262.3
Retail,211451629,Kichler,42923CLP,1252936,2020W52,NA,0,262.3
Retail,211451630,Progress Lighting,P4827-09,650053,2020W40,NA,102,119.98
Retail,211451630,Progress Lighting,P4827-09,650053,2020W41,NA,102,119.98
Retail,211451630,Progress Lighting,P4827-09,650053,2020W42,NA,102,119.98
Retail,211451630,Progress Lighting,P4827-09,650053,2020W43,NA,102,119.98
Retail,211451630,Progress Lighting,P4827-09,650053,2020W44,NA,102,119.98
Retail,211451630,Progress Lighting,P4827-09,650053,2020W45,NA,104,119.98
Retail,211451630,Progress Lighting,P4827-09,650053,2020W46,NA,105,108.551
Retail,211451630,Progress Lighting,P4827-09,650053,2020W47,NA,105,99.98
Retail,211451630,Progress Lighting,P4827-09,650053,2020W48,NA,105,99.98
Retail,211451630,Progress Lighting,P4827-09,650053,2020W49,NA,105,99.98
Retail,211451630,Progress Lighting,P4827-09,650053,2020W50,NA,105,99.98
Retail,211451630,Progress Lighting,P4827-09,650053,2020W51,NA,105,99.98
Retail,211451630,Progress Lighting,P4827-09,650053,2020W52,NA,105,99.98
Retail,211451631,Progress Lighting,P4828-20,759369,2020W40,NA,102,159
Retail,211451631,Progress Lighting,P4828-20,759369,2020W41,NA,102,159
Retail,211451631,Progress Lighting,P4828-20,759369,2020W42,NA,102,159
Retail,211451631,Progress Lighting,P4828-20,759369,2020W43,NA,102,159
Retail,211451631,Progress Lighting,P4828-20,759369,2020W44,NA,102,159
Retail,211451631,Progress Lighting,P4828-20,759369,2020W45,NA,104,159
Retail,211451631,Progress Lighting,P4828-20,759369,2020W46,NA,105,159
Retail,211451631,Progress Lighting,P4828-20,759369,2020W47,NA,105,159
Retail,211451631,Progress Lighting,P4828-20,759369,2020W48,NA,105,159
Retail,211451631,Progress Lighting,P4828-20,759369,2020W49,NA,105,159
Retail,211451631,Progress Lighting,P4828-20,759369,2020W50,NA,105,159
Retail,211451631,Progress Lighting,P4828-20,759369,2020W51,NA,105,159
Retail,211451631,Progress Lighting,P4828-20,759369,2020W52,NA,105,159
Retail,211451632,Ore International,K-5805H,1462285,2020W40,NA,1,608.19
Retail,211451632,Ore International,K-5805H,1462285,2020W41,NA,1,608.19
Retail,211451632,Ore International,K-5805H,1462285,2020W42,NA,1,608.19
Retail,211451632,Ore International,K-5805H,1462285,2020W43,NA,1,608.19
Retail,211451632,Ore International,K-5805H,1462285,2020W44,NA,1,608.19
Retail,211451632,Ore International,K-5805H,1462285,2020W45,NA,1,608.19
Retail,211451632,Ore International,K-5805H,1462285,2020W46,NA,1,608.19
Retail,211451632,Ore International,K-5805H,1462285,2020W47,NA,1,608.19
Retail,211451632,Ore International,K-5805H,1462285,2020W48,NA,1,608.19
Retail,211451632,Ore International,K-5805H,1462285,2020W49,NA,1,608.19
Retail,211451632,Ore International,K-5805H,1462285,2020W50,NA,1,608.19
Retail,211451632,Ore International,K-5805H,1462285,2020W51,NA,1,608.19
Retail,211451632,Ore International,K-5805H,1462285,2020W52,NA,1,608.19
Retail,211451633,Progress Lighting,P4804-20,759371,2020W40,NA,102,149
Retail,211451633,Progress Lighting,P4804-20,759371,2020W41,NA,102,149
Retail,211451633,Progress Lighting,P4804-20,759371,2020W42,NA,102,149
Retail,211451633,Progress Lighting,P4804-20,759371,2020W43,NA,102,149
Retail,211451633,Progress Lighting,P4804-20,759371,2020W44,NA,102,149
Retail,211451633,Progress Lighting,P4804-20,759371,2020W45,NA,104,149
Retail,211451633,Progress Lighting,P4804-20,759371,2020W46,NA,105,149
Retail,211451633,Progress Lighting,P4804-20,759371,2020W47,NA,105,149
Retail,211451633,Progress Lighting,P4804-20,759371,2020W48,NA,105,149
Retail,211451633,Progress Lighting,P4804-20,759371,2020W49,NA,105,149
Retail,211451633,Progress Lighting,P4804-20,759371,2020W50,NA,105,149
Retail,211451633,Progress Lighting,P4804-20,759371,2020W51,NA,105,149
Retail,211451633,Progress Lighting,P4804-20,759371,2020W52,NA,105,149
Retail,211451634,Progress Lighting,P4458-20,783342,2020W40,NA,102,201.24
Retail,211451634,Progress Lighting,P4458-20,783342,2020W41,NA,102,201.24
Retail,211451634,Progress Lighting,P4458-20,783342,2020W42,NA,102,201.24
Retail,211451634,Progress Lighting,P4458-20,783342,2020W43,NA,102,171.309
Retail,211451634,Progress Lighting,P4458-20,783342,2020W44,NA,102,201.24
Retail,211451634,Progress Lighting,P4458-20,783342,2020W45,NA,104,201.24
Retail,211451634,Progress Lighting,P4458-20,783342,2020W46,NA,105,201.24
Retail,211451634,Progress Lighting,P4458-20,783342,2020W47,NA,105,201.24
Retail,211451634,Progress Lighting,P4458-20,783342,2020W48,NA,105,201.24
Retail,211451634,Progress Lighting,P4458-20,783342,2020W49,NA,105,201.24
Retail,211451634,Progress Lighting,P4458-20,783342,2020W50,NA,105,201.24
Retail,211451634,Progress Lighting,P4458-20,783342,2020W51,NA,105,201.24
Retail,211451634,Progress Lighting,P4458-20,783342,2020W52,NA,105,201.24
Retail,211451635,Progress Lighting,P4626-20,783345,2020W40,NA,102,772.02
Retail,211451635,Progress Lighting,P4626-20,783345,2020W41,NA,102,772.02
Retail,211451635,Progress Lighting,P4626-20,783345,2020W42,NA,102,772.02
Retail,211451635,Progress Lighting,P4626-20,783345,2020W43,NA,102,772.02
Retail,211451635,Progress Lighting,P4626-20,783345,2020W44,NA,102,772.02
Retail,211451635,Progress Lighting,P4626-20,783345,2020W45,NA,104,772.02
Retail,211451635,Progress Lighting,P4626-20,783345,2020W46,NA,105,772.02
Retail,211451635,Progress Lighting,P4626-20,783345,2020W47,NA,105,772.02
Retail,211451635,Progress Lighting,P4626-20,783345,2020W48,NA,105,772.02
Retail,211451635,Progress Lighting,P4626-20,783345,2020W49,NA,105,772.02
Retail,211451635,Progress Lighting,P4626-20,783345,2020W50,NA,105,772.02
Retail,211451635,Progress Lighting,P4626-20,783345,2020W51,NA,105,772.02
Retail,211451635,Progress Lighting,P4626-20,783345,2020W52,NA,105,772.02
Retail,211451636,Progress Lighting,P4758-20,703286,2020W40,NA,102,380.52
Retail,211451636,Progress Lighting,P4758-20,703286,2020W41,NA,102,380.52
Retail,211451636,Progress Lighting,P4758-20,703286,2020W42,NA,102,380.52
Retail,211451636,Progress Lighting,P4758-20,703286,2020W43,NA,102,308.44
Retail,211451636,Progress Lighting,P4758-20,703286,2020W44,NA,102,318.737
Retail,211451636,Progress Lighting,P4758-20,703286,2020W45,NA,104,308.44
Retail,211451636,Progress Lighting,P4758-20,703286,2020W46,NA,105,308.44
Retail,211451636,Progress Lighting,P4758-20,703286,2020W47,NA,105,308.44
Retail,211451636,Progress Lighting,P4758-20,703286,2020W48,NA,105,308.44
Retail,211451636,Progress Lighting,P4758-20,703286,2020W49,NA,105,298.736
Retail,211451636,Progress Lighting,P4758-20,703286,2020W50,NA,105,285.39
Retail,211451636,Progress Lighting,P4758-20,703286,2020W51,NA,105,285.39
Retail,211451636,Progress Lighting,P4758-20,703286,2020W52,NA,105,285.39
Retail,211451637,Progress Lighting,P4619-09,559293,2020W40,NA,102,358.92
Retail,211451637,Progress Lighting,P4619-09,559293,2020W41,NA,102,358.92
Retail,211451637,Progress Lighting,P4619-09,559293,2020W42,NA,102,358.92
Retail,211451637,Progress Lighting,P4619-09,559293,2020W43,NA,102,301.191
Retail,211451637,Progress Lighting,P4619-09,559293,2020W44,NA,102,291.57
Retail,211451637,Progress Lighting,P4619-09,559293,2020W45,NA,104,291.57
Retail,211451637,Progress Lighting,P4619-09,559293,2020W46,NA,105,291.57
Retail,211451637,Progress Lighting,P4619-09,559293,2020W47,NA,105,291.57
Retail,211451637,Progress Lighting,P4619-09,559293,2020W48,NA,105,291.57
Retail,211451637,Progress Lighting,P4619-09,559293,2020W49,NA,105,291.57
Retail,211451637,Progress Lighting,P4619-09,559293,2020W50,NA,105,269.19
Retail,211451637,Progress Lighting,P4619-09,559293,2020W51,NA,105,269.19
Retail,211451637,Progress Lighting,P4619-09,559293,2020W52,NA,105,269.19
Retail,211451638,Elan,84081MBK,2548644,2020W40,NA,0,499.99
Retail,211451638,Elan,84081MBK,2548644,2020W41,NA,0,487.49
Retail,211451638,Elan,84081MBK,2548644,2020W42,NA,0,424.99
Retail,211451638,Elan,84081MBK,2548644,2020W43,NA,0,439.99
Retail,211451638,Elan,84081MBK,2548644,2020W44,NA,0,499.99
Retail,211451638,Elan,84081MBK,2548644,2020W45,NA,0,499.99
Retail,211451638,Elan,84081MBK,2548644,2020W46,NA,0,499.99
Retail,211451638,Elan,84081MBK,2548644,2020W47,NA,0,399.99
Retail,211451638,Elan,84081MBK,2548644,2020W48,NA,0,399.99
Retail,211451638,Elan,84081MBK,2548644,2020W49,NA,0,399.99
Retail,211451638,Elan,84081MBK,2548644,2020W50,NA,0,457.133
Retail,211451638,Elan,84081MBK,2548644,2020W51,NA,0,499.99
Retail,211451638,Elan,84081MBK,2548644,2020W52,NA,0,499.99
Retail,211451639,Minka Lavery,4638-106,2483213,2020W40,NA,1,639.95
Retail,211451639,Minka Lavery,4638-106,2483213,2020W41,NA,1,639.95
Retail,211451639,Minka Lavery,4638-106,2483213,2020W42,NA,1,639.95
Retail,211451639,Minka Lavery,4638-106,2483213,2020W43,NA,1,639.95
Retail,211451639,Minka Lavery,4638-106,2483213,2020W44,NA,1,639.95
Retail,211451639,Minka Lavery,4638-106,2483213,2020W45,NA,1,639.95
Retail,211451639,Minka Lavery,4638-106,2483213,2020W46,NA,1,639.95
Retail,211451639,Minka Lavery,4638-106,2483213,2020W47,NA,1,639.95
Retail,211451639,Minka Lavery,4638-106,2483213,2020W48,NA,1,639.95
Retail,211451639,Minka Lavery,4638-106,2483213,2020W49,NA,1,639.95
Retail,211451639,Minka Lavery,4638-106,2483213,2020W50,NA,1,639.95
Retail,211451639,Minka Lavery,4638-106,2483213,2020W51,NA,1,639.95
Retail,211451639,Minka Lavery,4638-106,2483213,2020W52,NA,1,639.95
Retail,211451640,Progress Lighting,P400176-031,1264445,2020W40,NA,0,478.5
Retail,211451640,Progress Lighting,P400176-031,1264445,2020W41,NA,0,478.5
Retail,211451640,Progress Lighting,P400176-031,1264445,2020W42,NA,0,478.5
Retail,211451640,Progress Lighting,P400176-031,1264445,2020W43,NA,0,478.5
Retail,211451640,Progress Lighting,P400176-031,1264445,2020W44,NA,0,344.155
Retail,211451640,Progress Lighting,P400176-031,1264445,2020W45,NA,0,327.976
Retail,211451640,Progress Lighting,P400176-031,1264445,2020W46,NA,0,358.39
Retail,211451640,Progress Lighting,P400176-031,1264445,2020W47,NA,0,358.39
Retail,211451640,Progress Lighting,P400176-031,1264445,2020W48,NA,0,356.94
Retail,211451640,Progress Lighting,P400176-031,1264445,2020W49,NA,0,351.14
Retail,211451640,Progress Lighting,P400176-031,1264445,2020W50,NA,0,351.14
Retail,211451640,Progress Lighting,P400176-031,1264445,2020W51,NA,0,446.66
Retail,211451640,Progress Lighting,P400176-031,1264445,2020W52,NA,0,478.5
Retail,211451641,Kichler,43687NI,1253276,2020W40,NA,1,769.99
Retail,211451641,Kichler,43687NI,1253276,2020W41,NA,1,750.74
Retail,211451641,Kichler,43687NI,1253276,2020W42,NA,1,654.49
Retail,211451641,Kichler,43687NI,1253276,2020W43,NA,1,703.99
Retail,211451641,Kichler,43687NI,1253276,2020W44,NA,1,769.99
Retail,211451641,Kichler,43687NI,1253276,2020W45,NA,1,769.99
Retail,211451641,Kichler,43687NI,1253276,2020W46,NA,1,769.99
Retail,211451641,Kichler,43687NI,1253276,2020W47,NA,1,637.99
Retail,211451641,Kichler,43687NI,1253276,2020W48,NA,1,615.99
Retail,211451641,Kichler,43687NI,1253276,2020W49,0,1,615.99
Retail,211451641,Kichler,43687NI,1253276,2020W50,0,1,718.657
Retail,211451641,Kichler,43687NI,1253276,2020W51,NA,1,769.99
Retail,211451641,Kichler,43687NI,1253276,2020W52,NA,1,769.99
Retail,211451642,Kichler,43686NI,1252731,2020W40,NA,1,569.99
Retail,211451642,Kichler,43686NI,1252731,2020W41,NA,1,555.74
Retail,211451642,Kichler,43686NI,1252731,2020W42,1,1,484.49
Retail,211451642,Kichler,43686NI,1252731,2020W43,NA,1,521.133
Retail,211451642,Kichler,43686NI,1252731,2020W44,0,1,569.99
Retail,211451642,Kichler,43686NI,1252731,2020W45,NA,1,569.99
Retail,211451642,Kichler,43686NI,1252731,2020W46,NA,1,569.99
Retail,211451642,Kichler,43686NI,1252731,2020W47,0,1,472.276
