ProductCode,BrandName,Week,Color,Target,Price,RankA,RankB,RankC,RankD,Rating,ReviewCount,Recommend,ReviewCountFromSite,ReviewCorrected_1,ReviewCorrected_2
206144055,Brand_3,2019W19,Stainless Steel,266,184,16,16,16,0,4.66,1152,93,1152,1152,10
206144055,Brand_3,2019W20,Stainless Steel,276,184,13,13,13,0,4.65,1162,93,1162,10,10
206144055,Brand_3,2019W21,Stainless Steel,281,184,13,13,13,0,4.65,1171,93,1171,9,9
206144055,Brand_3,2019W22,Stainless Steel,259,184,13,13,13,0,4.65,1181,93,1181,10,10
206144055,Brand_3,2019W23,Stainless Steel,269,184,13,13,13,0,4.65,1192,93,1192,11,11
206144055,Brand_3,2019W24,Stainless Steel,271,184,13,13,13,0,4.65,1200,93,1200,8,8
206144055,Brand_3,2019W25,Stainless Steel,280,184,17,13,13.857,1.574,4.65,1214,93,1214,1214,14
206069195,Brand_3,2019W19,Stainless Steel,781,199,32,27,29.857,2.673,4.58,1066,93,1066,1066,7
206069195,Brand_3,2019W20,Stainless Steel,768,199,27,27,27,0,4.58,1073,93,1073,7,7
206069195,Brand_3,2019W21,Stainless Steel,752,199,27,27,27,0,4.58,1074,93,1074,1,1
206069195,Brand_3,2019W22,Stainless Steel,748,199,27,22,25.571,2.44,4.58,1078,93,1078,4,4
206069195,Brand_3,2019W23,Stainless Steel,677,199,27,22,26.286,1.89,4.58,1081,93,1081,3,3
206069195,Brand_3,2019W24,Stainless Steel,656,199,27,27,27,0,4.58,1086,93,1086,5,5
206069195,Brand_3,2019W25,Stainless Steel,792,199,31,27,27.857,1.574,4.58,1094,93,1094,1094,8
100684606,Brand_1,2019W19,Stainless Steel,2149,129,19,19,19,0,4.12,1246,77,1246,1246,7
100684606,Brand_1,2019W20,Stainless Steel,2032,129,19,16,16.714,1.254,4.12,1253,77,1253,7,7
100684606,Brand_1,2019W21,Stainless Steel,1745,129,16,16,16,0,4.12,1256,77,1256,3,3
100684606,Brand_1,2019W22,Stainless Steel,1605,132,19,16,17.714,1.604,4.12,1258,77,1258,2,2
100684606,Brand_1,2019W36,Stainless Steel,2541,139,17,12,15.857,2.035,4.13,1333,77,1333,75,75
100684606,Brand_1,2019W37,Stainless Steel,2503,139,16,12,12.571,1.512,4.13,1337,77,1337,4,4
100684606,Brand_1,2019W38,Stainless Steel,2550,139,21,16,17,1.915,4.13,1345,77,1345,8,8
100684606,Brand_1,2019W39,Stainless Steel,2654,139,21,9,13.429,4.65,4.13,1353,77,1353,8,8
100684606,Brand_1,2019W49,Stainless Steel,1733,139,40,27,33.857,4.375,4.13,1401,77,1401,48,48
100684606,Brand_1,2019W50,Stainless Steel,1902,139,47,24,29.714,7.994,4.14,1411,77,1411,10,10
100684606,Brand_1,2019W51,Stainless Steel,1877,139,30,27,29.143,1.215,4.14,1422,77,1422,11,11
100684606,Brand_1,2019W52,Stainless Steel,1685,139,22,16,19.857,2.268,4.14,1427,77,1427,5,5
100684606,Brand_1,2020W01,Stainless Steel,1838,139,19,11,15,5.657,4.14,1427,77,1427,1427,0
202497879,Brand_3,2019W19,Stainless Steel,842,184,44,39,41.143,2.673,4.61,1011,92,1011,1011,4
202497879,Brand_3,2019W20,Stainless Steel,718,194.12,44,36,40.571,3.645,4.61,1015,92,1015,4,4
202497879,Brand_3,2019W21,Stainless Steel,647,184,47,42,44.429,1.618,4.62,1021,92,1021,6,6
202497879,Brand_3,2019W22,Stainless Steel,682,194.12,47,42,45.571,2.44,4.62,1025,92,1025,4,4
202497879,Brand_3,2019W23,Stainless Steel,614,196.33,47,42,45.429,2.07,4.62,1033,92,1033,8,8
202497879,Brand_3,2019W24,Stainless Steel,637,202.4,47,47,47,0,4.62,1037,92,1037,4,4
202497879,Brand_3,2019W25,Stainless Steel,710,202.4,51,45,47.571,1.902,4.62,1041,92,1041,1041,4
203478898,Brand_3,2019W19,Stainless Steel,3,424.55,171,163,166.714,2.752,4.44,626,87,626,626,0
203478898,Brand_3,2019W20,Stainless Steel,5,406.35,173,166,170.571,2.225,4.44,626,87,626,0,0
203478898,Brand_3,2019W21,Stainless Steel,3,418.54,160,156,158.143,2.035,4.43,627,87,627,1,1
203478898,Brand_3,2019W22,Stainless Steel,9,418.54,170,157,163.286,5.345,4.43,628,87,628,1,1
203478898,Brand_3,2019W23,Stainless Steel,2,418.54,172,167,170,2.28,4.43,629,87,629,1,1
203478898,Brand_3,2019W24,Stainless Steel,0,418.54,171,164,168.143,2.673,4.43,630,87,630,1,1
203478898,Brand_3,2019W25,Stainless Steel,7,431.1,172,158,165.571,4.315,4.43,630,87,630,630,0
204371385,Brand_3,2019W19,Stainless Steel,374,204,74,66,70.714,2.928,4.53,473,91,473,473,4
204371385,Brand_3,2019W20,Stainless Steel,373,204,79,66,73.286,4.309,4.53,477,91,477,4,4
204371385,Brand_3,2019W21,Stainless Steel,357,204,79,71,75.429,3.047,4.53,478,91,478,1,1
204371385,Brand_3,2019W22,Stainless Steel,403,204,71,68,69.714,1.254,4.53,479,91,479,1,1
204371385,Brand_3,2019W23,Stainless Steel,352,204,71,66,70,1.826,4.53,480,91,480,1,1
204371385,Brand_3,2019W24,Stainless Steel,312,204,74,69,72.286,1.89,4.53,482,91,482,2,2
204371385,Brand_3,2019W25,Stainless Steel,387,204,78,63,70.857,4.598,4.53,482,91,482,482,0
205399949,Brand_3,2019W19,Stainless Steel,0,212.09,246,239,242.857,2.268,4.48,191,86,191,191,0
205399949,Brand_3,2019W21,Stainless Steel,0,212.09,247,234,241.714,4.424,4.48,191,86,191,0,0
205399949,Brand_3,2019W22,Stainless Steel,1,212.09,239,231,236,3.055,4.48,191,86,191,191,0
206354742,Brand_3,2019W19,Stainless Steel,263,224,105,100,102.429,1.902,4.44,179,87,179,179,5
206354742,Brand_3,2019W20,Stainless Steel,234,224,114,102,109.857,4.259,4.45,184,87,184,5,5
206354742,Brand_3,2019W21,Stainless Steel,245,224,114,110,111.571,1.718,4.45,184,87,184,0,0
206354742,Brand_3,2019W22,Stainless Steel,242,224,108,105,106.429,0.976,4.45,185,87,185,1,1
206354742,Brand_3,2019W23,Stainless Steel,383,224,112,104,107.833,2.927,4.43,193,87,193,8,8
206354742,Brand_3,2019W24,Stainless Steel,396,224,282,104,144.143,68.984,4.43,194,87,194,1,1
206354742,Brand_3,2019W25,Stainless Steel,342,224,151,102,111.286,17.689,4.43,195,87,195,195,1
205894003,Brand_1,2019W22,Stainless Steel,1,179,204,194,198.857,3.671,4.18,85,80,85,85,8
205894003,Brand_1,2019W38,Stainless Steel,1,158.86,318,303,309.333,5.645,4.2,93,80,93,8,8
205894003,Brand_1,2019W50,Stainless Steel,1,158.86,482,413,453.429,25.806,4.17,94,80,94,94,1
202060906,Brand_3,2019W19,Chrome,1739,69,10,8,8.714,0.951,4.51,943,94,943,943,14
202060906,Brand_3,2019W20,Chrome,1758,69,10,10,10,0,4.51,957,94,957,14,14
202060906,Brand_3,2019W21,Chrome,1734,69,10,5,8.429,1.813,4.51,963,94,963,6,6
202060906,Brand_3,2019W22,Chrome,1677,69,8,8,8,0,4.51,964,94,964,1,1
202060906,Brand_3,2019W23,Chrome,1713,69,8,8,8,0,4.51,970,94,970,6,6
202060906,Brand_3,2019W24,Chrome,1626,69,8,8,8,0,4.51,974,94,974,4,4
202060906,Brand_3,2019W25,Chrome,1678,69,10,5,8.429,1.813,4.51,976,94,976,976,2
202696365,Brand_3,2019W19,Stainless Steel,0,75.59,1165,1152,1158.714,5.529,4.62,753,94,753,753,0
202696365,Brand_3,2019W20,Stainless Steel,0,75.59,1157,1122,1138.714,13.313,4.62,753,94,753,0,0
202696365,Brand_3,2019W21,Stainless Steel,0,75.59,1163,1154,1158.857,3.288,4.62,754,94,754,1,1
202696365,Brand_3,2019W22,Stainless Steel,0,75.59,1157,1129,1145,10.165,4.62,758,94,758,4,4
202696365,Brand_3,2019W23,Stainless Steel,0,75.59,1147,1138,1143.714,3.988,4.62,758,94,758,0,0
202696365,Brand_3,2019W24,Stainless Steel,0,75.59,1169,1150,1161,7.188,4.62,759,94,759,1,1
202696365,Brand_3,2019W25,Stainless Steel,0,75.59,1192,1167,1179.143,9.191,4.62,759,94,759,759,0
202584243,Brand_3,2019W19,Stainless Steel,553,130.9,18,18,18,0,4.51,849,93,849,849,2
202584243,Brand_3,2019W20,Stainless Steel,496,130.9,16,16,16,0,4.52,851,93,851,2,2
202584243,Brand_3,2019W21,Stainless Steel,531,130.9,16,16,16,0,4.52,855,93,855,4,4
202584243,Brand_3,2019W22,Stainless Steel,560,130.9,16,16,16,0,4.52,858,93,858,3,3
202584243,Brand_3,2019W23,Stainless Steel,534,130.9,16,16,16,0,4.52,859,93,859,1,1
202584243,Brand_3,2019W24,Stainless Steel,538,130.9,16,16,16,0,4.52,861,93,861,2,2
202584243,Brand_3,2019W25,Stainless Steel,542,130.9,16,16,16,0,4.52,862,93,862,862,1
202998672,Brand_3,2019W19,Chrome,0,59.24,355,305,335.429,17.008,4.58,96,95,96,96,0
202998672,Brand_3,2019W20,Chrome,0,59.24,313,301,308.714,4.572,4.58,96,95,96,0,0
202998672,Brand_3,2019W21,Chrome,0,59.24,331,311,322.857,9.026,4.58,96,95,96,0,0
202998672,Brand_3,2019W22,Chrome,0,59.24,317,292,303.429,11.088,4.58,96,95,96,0,0
202998672,Brand_3,2019W23,Chrome,0,59.24,1153,1151,1151.833,0.983,4.58,96,95,96,0,0
202998672,Brand_3,2019W24,Chrome,0,63.04,1175,1156,1167,7.188,4.58,96,95,96,0,0
202998672,Brand_3,2019W25,Chrome,0,63.04,1198,1173,1187.143,10.351,4.58,96,95,96,96,0
100684612,Brand_1,2019W19,Chrome,935,119,18,18,18,0,4.12,1255,77,1255,1255,7
100684612,Brand_1,2019W20,Chrome,1008,119,18,15,15.571,1.134,4.12,1262,77,1262,7,7
100684612,Brand_1,2019W21,Chrome,1000,119,15,15,15,0,4.12,1265,77,1265,3,3
100684612,Brand_1,2019W22,Chrome,1023,119,18,15,16.714,1.604,4.12,1267,77,1267,2,2
100684612,Brand_1,2019W36,Chrome,1249,119,16,11,15,1.915,4.13,1342,77,1342,75,75
100684612,Brand_1,2019W37,Chrome,1161,119,15,11,11.571,1.512,4.13,1346,77,1346,4,4
100684612,Brand_1,2019W38,Chrome,1175,119,20,15,16.143,2.035,4.13,1354,77,1354,8,8
100684612,Brand_1,2019W39,Chrome,1118,119,20,8,12.429,4.65,4.13,1362,77,1362,8,8
100684612,Brand_1,2019W49,Chrome,908,119,39,26,32.857,4.375,4.1,1511,77,1511,149,149
100684612,Brand_1,2019W50,Chrome,934,119,46,23,28.571,8.039,4.1,1523,77,1523,12,12
100684612,Brand_1,2019W51,Chrome,958,119,29,26,28.286,1.113,4.11,1534,77,1534,11,11
100684612,Brand_1,2019W52,Chrome,843,119,21,15,18.857,2.268,4.11,1541,77,1541,7,7
100684612,Brand_1,2020W01,Chrome,939,119,18,10,14,5.657,4.11,1541,77,1541,1541,0
300214064,Brand_3,2019W19,Chrome,154,69,30,30,30,0,4.54,243,91,243,243,3
300214064,Brand_3,2019W20,Chrome,123,69,27,27,27,0,4.54,246,91,246,3,3
300214064,Brand_3,2019W21,Chrome,128,69,27,27,27,0,4.55,247,91,247,1,1
300214064,Brand_3,2019W22,Chrome,136,69,27,27,27,0,4.55,247,91,247,0,0
300214064,Brand_3,2019W23,Chrome,115,69,27,27,27,0,4.54,248,91,248,1,1
300214064,Brand_3,2019W24,Chrome,120,69,27,27,27,0,4.54,249,91,249,1,1
300214064,Brand_3,2019W25,Chrome,135,69,27,27,27,0,4.55,251,91,251,251,2
300214071,Brand_3,2019W19,Stainless Steel,298,89,31,31,31,0,4.54,243,91,243,243,3
300214071,Brand_3,2019W20,Stainless Steel,313,89,28,28,28,0,4.54,246,91,246,3,3
300214071,Brand_3,2019W21,Stainless Steel,271,89,28,28,28,0,4.55,247,91,247,1,1
300214071,Brand_3,2019W22,Stainless Steel,274,89,28,28,28,0,4.55,247,91,247,0,0
300214071,Brand_3,2019W23,Stainless Steel,276,89,28,28,28,0,4.54,248,91,248,1,1
300214071,Brand_3,2019W24,Stainless Steel,261,89,28,28,28,0,4.54,249,91,249,1,1
300214071,Brand_3,2019W25,Stainless Steel,281,89,28,28,28,0,4.55,251,91,251,251,2
300485541,Brand_3,2019W19,Bronze,125,214,14,14,14,0,4.66,1149,93,1149,1149,10
300485541,Brand_3,2019W20,Bronze,137,214,11,11,11,0,4.65,1159,93,1159,10,10
300485541,Brand_3,2019W21,Bronze,148,214,11,11,11,0,4.66,1168,93,1168,9,9
300485541,Brand_3,2019W22,Bronze,121,214,11,11,11,0,4.66,1178,93,1178,10,10
300485541,Brand_3,2019W23,Bronze,131,214,11,11,11,0,4.65,1189,93,1189,11,11
300485541,Brand_3,2019W24,Bronze,124,214,11,11,11,0,4.65,1197,93,1197,8,8
300485541,Brand_3,2019W25,Bronze,161,214,15,11,11.857,1.574,4.65,1211,93,1211,1211,14
300484999,Brand_3,2019W19,Stainless Steel,415,204,46,41,43.857,2.673,4.64,682,95,682,682,5
300484999,Brand_3,2019W20,Stainless Steel,408,204,49,38,45.286,4.192,4.64,687,95,687,5,5
300484999,Brand_3,2019W21,Stainless Steel,437,204,49,49,49,0,4.64,690,95,690,3,3
300484999,Brand_3,2019W22,Stainless Steel,438,204,49,44,47.571,2.44,4.64,692,95,692,2,2
300484999,Brand_3,2019W23,Stainless Steel,508,204,49,44,48.286,1.89,4.64,692,95,692,0,0
300484999,Brand_3,2019W24,Stainless Steel,479,204,49,49,49,0,4.65,695,95,695,3,3
300484999,Brand_3,2019W25,Stainless Steel,520,204,53,47,49.714,1.89,4.65,698,95,698,698,3
300485009,Brand_3,2019W19,Bronze,390,239,47,42,44.857,2.673,4.64,683,95,683,683,5
300485009,Brand_3,2019W20,Bronze,455,239,50,39,46.286,4.192,4.64,688,95,688,5,5
300485009,Brand_3,2019W21,Bronze,399,239,50,50,50,0,4.64,691,95,691,3,3
300485009,Brand_3,2019W22,Bronze,468,239,50,45,48.571,2.44,4.65,693,95,693,2,2
300485009,Brand_3,2019W23,Bronze,407,239,50,45,49.286,1.89,4.65,693,95,693,0,0
300485009,Brand_3,2019W24,Bronze,424,239,50,50,50,0,4.65,696,95,696,3,3
300485009,Brand_3,2019W25,Bronze,423,239,54,48,50.714,1.89,4.65,699,95,699,699,3
206310461,Brand_1,2019W19,Bronze,327,92,28,26,27.714,0.756,4.5,388,89,388,388,6
206310461,Brand_1,2019W20,Bronze,313,92,25,22,23.143,1.464,4.51,394,89,394,6,6
206310461,Brand_1,2019W21,Bronze,378,92,25,24,24.714,0.488,4.51,396,89,396,2,2
206310461,Brand_1,2019W22,Bronze,299,92,25,19,23,2.646,4.51,396,89,396,0,0
206310461,Brand_1,2019W36,Bronze,417,89,39,38,38.143,0.378,4.5,425,89,425,29,29
206310461,Brand_1,2019W37,Bronze,386,89,36,35,35.571,0.535,4.5,426,89,426,1,1
206310461,Brand_1,2019W38,Bronze,414,89,49,48,48.571,0.535,4.5,429,89,429,3,3
206310461,Brand_1,2019W39,Bronze,382,89,52,41,47,5.416,4.5,430,89,430,1,1
206310461,Brand_1,2019W49,Bronze,373,89,61,58,58.857,1.215,4.53,486,89,486,56,56
206310461,Brand_1,2019W50,Bronze,307,89,68,59,64.286,3.817,4.53,489,89,489,3,3
206310461,Brand_1,2019W51,Bronze,383,89,67,60,63.286,2.563,4.53,490,89,490,1,1
206310461,Brand_1,2019W52,Bronze,389,89,105,57,66.429,17.174,4.53,493,89,493,3,3
206310461,Brand_1,2020W01,Bronze,478,89,65,65,65,0,4.53,493,89,493,493,0
206310460,Brand_1,2019W19,Chrome,1311,59,27,25,26.714,0.756,4.53,426,91,426,426,6
206310460,Brand_1,2019W20,Chrome,1342,59,24,21,22,1.414,4.53,432,91,432,6,6
206310460,Brand_1,2019W21,Chrome,1527,59,24,23,23.857,0.378,4.53,434,91,434,2,2
206310460,Brand_1,2019W22,Chrome,1503,59,24,18,22.143,2.478,4.53,434,91,434,0,0
206310460,Brand_1,2019W36,Chrome,554,59,38,37,37.286,0.488,4.52,467,91,467,33,33
206310460,Brand_1,2019W37,Chrome,574,59,35,34,34.571,0.535,4.52,468,91,468,1,1
206310460,Brand_1,2019W38,Chrome,547,59,48,47,47.571,0.535,4.52,471,91,471,3,3
206310460,Brand_1,2019W39,Chrome,566,59,51,40,46,5.416,4.52,472,91,472,1,1
206310460,Brand_1,2019W49,Chrome,563,59,60,57,57.857,1.215,4.53,486,91,486,14,14
206310460,Brand_1,2019W50,Chrome,596,59,67,58,63.143,3.671,4.53,489,91,489,3,3
206310460,Brand_1,2019W51,Chrome,564,59,66,59,62.286,2.563,4.53,490,91,490,1,1
206310460,Brand_1,2019W52,Chrome,405,59,103,56,65.429,16.722,4.53,493,91,493,3,3
206310460,Brand_1,2020W01,Chrome,474,59,64,64,64,0,4.53,493,91,493,493,0
206310462,Brand_1,2019W19,Nickel,514,69,29,27,28.714,0.756,4.5,388,89,388,388,6
206310462,Brand_1,2019W20,Nickel,487,69,26,23,24,1.414,4.51,394,89,394,6,6
206310462,Brand_1,2019W21,Nickel,555,69,26,25,25.857,0.378,4.51,396,89,396,2,2
206310462,Brand_1,2019W22,Nickel,514,69,26,20,24.143,2.478,4.51,396,89,396,0,0
206310462,Brand_1,2019W36,Nickel,484,69,40,39,39.286,0.488,4.5,425,89,425,29,29
206310462,Brand_1,2019W37,Nickel,551,69,37,36,36.571,0.535,4.5,426,89,426,1,1
206310462,Brand_1,2019W38,Nickel,487,69,50,49,49.571,0.535,4.5,429,89,429,3,3
206310462,Brand_1,2019W39,Nickel,512,69,53,42,48,5.416,4.5,430,89,430,1,1
206310462,Brand_1,2019W49,Nickel,530,69,62,59,59.857,1.215,4.51,444,89,444,14,14
206310462,Brand_1,2019W50,Nickel,424,69,69,60,65.143,3.671,4.51,447,89,447,3,3
206310462,Brand_1,2019W51,Nickel,451,69,68,61,64.286,2.563,4.52,448,89,448,1,1
206310462,Brand_1,2019W52,Nickel,448,69,107,58,67.714,17.471,4.51,451,89,451,3,3
206310462,Brand_1,2020W01,Nickel,434,69,66,66,66,0,4.51,451,89,451,451,0
300490360,Brand_1,2019W19,Bronze,64,91,49,46,48.429,1.134,4.55,162,92,162,162,0
300490360,Brand_1,2019W20,Bronze,72,91,49,46,46.714,1.254,4.55,162,92,162,0,0
300490360,Brand_1,2019W21,Bronze,74,91,46,46,46,0,4.55,162,92,162,0,0
300490360,Brand_1,2019W22,Bronze,35,91,46,46,46,0,4.52,164,92,164,2,2
300490360,Brand_1,2019W36,Bronze,86,83.48,45,43,44.429,0.976,4.52,176,92,176,12,12
300490360,Brand_1,2019W37,Bronze,85,83.48,54,36,45.571,7.368,4.53,177,92,177,1,1
300490360,Brand_1,2019W38,Bronze,102,83.48,53,49,50.714,1.799,4.53,177,92,177,0,0
300490360,Brand_1,2019W39,Bronze,85,83.48,52,22,36.714,14.103,4.53,177,92,177,0,0
300490360,Brand_1,2019W49,Bronze,69,83.48,67,60,63.143,2.673,4.5,184,92,184,7,7
300490360,Brand_1,2019W50,Bronze,99,83.48,59,54,56.429,2.37,4.49,187,92,187,3,3
300490360,Brand_1,2019W51,Bronze,93,83.48,59,54,56,2.082,4.49,189,92,189,2,2
300490360,Brand_1,2019W52,Bronze,80,83.48,59,54,56.429,2.44,4.49,190,92,190,1,1
300490360,Brand_1,2020W01,Bronze,104,83.48,54,42,48,8.485,4.49,190,92,190,190,0
300490352,Brand_1,2019W19,Nickel,244,71,51,48,50.429,1.134,4.55,162,92,162,162,0
300490352,Brand_1,2019W20,Nickel,263,71,51,48,48.714,1.254,4.55,162,92,162,0,0
300490352,Brand_1,2019W21,Nickel,272,71,48,48,48,0,4.55,162,92,162,0,0
300490352,Brand_1,2019W22,Nickel,223,71,48,48,48,0,4.52,164,92,164,2,2
300490352,Brand_1,2019W36,Nickel,171,79,47,45,46.429,0.976,4.52,176,92,176,12,12
300490352,Brand_1,2019W37,Nickel,238,79,56,38,47.571,7.368,4.53,177,92,177,1,1
300490352,Brand_1,2019W38,Nickel,217,79,55,51,52.714,1.799,4.53,177,92,177,0,0
300490352,Brand_1,2019W39,Nickel,221,79,54,24,39,14.295,4.53,177,92,177,0,0
300490352,Brand_1,2019W49,Nickel,263,79,69,62,65.143,2.673,4.5,184,92,184,7,7
300490352,Brand_1,2019W50,Nickel,251,79,61,56,58.429,2.37,4.49,187,92,187,3,3
300490352,Brand_1,2019W51,Nickel,232,79,61,56,58,2.082,4.49,189,92,189,2,2
300490352,Brand_1,2019W52,Nickel,188,79,61,56,58.429,2.44,4.49,190,92,190,1,1
300490352,Brand_1,2020W01,Nickel,209,79,56,44,50,8.485,4.49,190,92,190,190,0
206310467,Brand_1,2019W19,Bronze,264,122,42,40,40.857,1.069,4.39,424,91,424,424,3
206310467,Brand_1,2019W20,Bronze,106,122,39,36,37.714,1.254,4.39,427,91,427,3,3
206310467,Brand_1,2019W21,Bronze,114,122,37,36,36.714,0.488,4.39,427,91,427,0,0
206310467,Brand_1,2019W22,Bronze,113,122,37,36,36.857,0.378,4.39,427,91,427,0,0
206310467,Brand_1,2019W36,Bronze,161,122,40,32,34.857,3.625,4.4,445,91,445,18,18
206310467,Brand_1,2019W37,Bronze,144,122,38,32,35.429,3.207,4.4,446,91,446,1,1
206310467,Brand_1,2019W38,Bronze,165,122,41,32,36.714,4.536,4.4,446,91,446,0,0
206310467,Brand_1,2019W39,Bronze,181,122,45,39,41.429,2.149,4.41,448,91,448,2,2
206310467,Brand_1,2019W49,Bronze,121,119,42,37,39.571,1.988,4.42,463,91,463,15,15
206310467,Brand_1,2019W50,Bronze,162,119,42,35,37.571,2.76,4.41,467,91,467,4,4
206310467,Brand_1,2019W51,Bronze,176,119,30,30,30,0,4.41,472,91,472,5,5
206310467,Brand_1,2019W52,Bronze,118,119,60,28,40,14.572,4.41,474,91,474,2,2
206310467,Brand_1,2020W01,Bronze,182,119,30,28,29,1.414,4.41,475,91,475,475,1
206310466,Brand_1,2019W19,Chrome,475,93,41,39,39.857,1.069,4.39,424,91,424,424,3
206310466,Brand_1,2019W20,Chrome,510,93,38,35,36.714,1.254,4.39,427,91,427,3,3
206310466,Brand_1,2019W21,Chrome,478,93,36,35,35.714,0.488,4.39,427,91,427,0,0
206310466,Brand_1,2019W22,Chrome,435,93,36,35,35.857,0.378,4.39,427,91,427,0,0
206310466,Brand_1,2019W36,Chrome,463,99,39,31,33.857,3.625,4.4,445,91,445,18,18
206310466,Brand_1,2019W37,Chrome,457,99,37,31,34.429,3.207,4.4,446,91,446,1,1
206310466,Brand_1,2019W38,Chrome,400,99,40,31,35.714,4.536,4.4,446,91,446,0,0
206310466,Brand_1,2019W39,Chrome,466,99,42,40,40.429,0.787,4.41,448,91,448,2,2
206310466,Brand_1,2019W49,Chrome,1042,99,43,38,39.571,1.813,4.42,463,91,463,15,15
206310466,Brand_1,2019W50,Chrome,998,99,39,36,36.857,1.069,4.41,467,91,467,4,4
206310466,Brand_1,2019W51,Chrome,945,99,31,30,30.714,0.488,4.41,472,91,472,5,5
206310466,Brand_1,2019W52,Chrome,718,99,62,29,41.429,15.241,4.41,474,91,474,2,2
206310466,Brand_1,2020W01,Chrome,931,99,31,29,30,1.414,4.41,475,91,475,475,1
206310468,Brand_1,2019W19,Nickel,547,99,43,41,41.857,1.069,4.39,426,91,426,426,3
206310468,Brand_1,2019W20,Nickel,562,99,40,37,38.714,1.254,4.39,429,91,429,3,3
206310468,Brand_1,2019W21,Nickel,555,99,38,37,37.714,0.488,4.39,429,91,429,0,0
206310468,Brand_1,2019W22,Nickel,634,99,38,37,37.857,0.378,4.39,429,91,429,0,0
206310468,Brand_1,2019W36,Nickel,541,99,41,33,35.857,3.625,4.4,447,91,447,18,18
206310468,Brand_1,2019W37,Nickel,476,99,39,33,36.429,3.207,4.4,448,91,448,1,1
206310468,Brand_1,2019W38,Nickel,383,99,42,33,37.714,4.536,4.4,448,91,448,0,0
206310468,Brand_1,2019W39,Nickel,314,109,46,33,40.429,4.392,4.41,450,91,450,2,2
206310468,Brand_1,2019W49,Nickel,574,109,43,36,39.571,2.573,4.42,463,91,463,13,13
206310468,Brand_1,2019W50,Nickel,453,109,41,34,37.429,3.309,4.41,467,91,467,4,4
206310468,Brand_1,2019W51,Nickel,508,109,31,28,29,1,4.41,472,91,472,5,5
206310468,Brand_1,2019W52,Nickel,301,109,58,27,38.571,14.07,4.41,474,91,474,2,2
206310468,Brand_1,2020W01,Nickel,383,109,29,27,28,1.414,4.41,475,91,475,475,1
301281814,Brand_3,2019W19,Stainless Steel,299,194,94,85,89.857,3.532,4.73,194,97,194,194,4
301281814,Brand_3,2019W20,Stainless Steel,283,194,100,85,94.286,5.589,4.73,198,97,198,4,4
301281814,Brand_3,2019W21,Stainless Steel,336,194,100,96,99.429,1.512,4.73,199,97,199,1,1
301281814,Brand_3,2019W22,Stainless Steel,303,194,96,91,95,1.915,4.74,200,97,200,1,1
301281814,Brand_3,2019W23,Stainless Steel,272,194,101,96,99.5,1.761,4.74,201,97,201,1,1
301281814,Brand_3,2019W24,Stainless Steel,254,194,104,100,101.286,1.604,4.74,202,97,202,1,1
301281814,Brand_3,2019W25,Stainless Steel,299,194,109,103,105.143,2.035,4.74,203,97,203,203,1
300388139,Brand_3,2019W19,Chrome,202,159,15,15,15,0,4.66,1151,93,1151,1151,10
300388139,Brand_3,2019W20,Chrome,199,159,12,12,12,0,4.65,1161,93,1161,10,10
300388139,Brand_3,2019W21,Chrome,215,159,12,12,12,0,4.65,1170,93,1170,9,9
300388139,Brand_3,2019W22,Chrome,207,159,12,12,12,0,4.65,1180,93,1180,10,10
300388139,Brand_3,2019W23,Chrome,193,159,12,12,12,0,4.65,1191,93,1191,11,11
300388139,Brand_3,2019W24,Chrome,190,159,12,12,12,0,4.65,1199,93,1199,8,8
300388139,Brand_3,2019W25,Chrome,209,159,16,12,12.857,1.574,4.65,1213,93,1213,1213,14
301643300,Brand_3,2019W19,Stainless Steel,640,138,7,7,7,0,4.47,364,93,364,364,4
301643300,Brand_3,2019W20,Stainless Steel,914,138,7,7,7,0,4.47,368,93,368,4,4
301643300,Brand_3,2019W21,Stainless Steel,1050,129,7,7,7,0,4.46,372,93,372,4,4
301643300,Brand_3,2019W22,Stainless Steel,1130,129,7,7,7,0,4.45,380,93,380,8,8
301643300,Brand_3,2019W23,Stainless Steel,1012,129,7,7,7,0,4.46,385,93,385,5,5
301643300,Brand_3,2019W24,Stainless Steel,976,129,4,4,4,0,4.47,392,93,392,7,7
301643300,Brand_3,2019W25,Stainless Steel,1114,129,4,4,4,0,4.47,401,93,401,401,9
302876896,Brand_3,2019W19,Stainless Steel,352,298,37,32,34.857,2.673,4.15,259,86,259,259,5
302876896,Brand_3,2019W20,Stainless Steel,333,298,37,34,35.714,1.604,4.16,264,86,264,5,5
302876896,Brand_3,2019W21,Stainless Steel,334,298,37,37,37,0,4.17,266,86,266,2,2
302876896,Brand_3,2019W22,Stainless Steel,415,298,37,32,35.571,2.44,4.17,269,86,269,3,3
302876896,Brand_3,2019W23,Stainless Steel,329,298,37,32,36.286,1.89,4.17,269,86,269,0,0
302876896,Brand_3,2019W24,Stainless Steel,324,298,37,37,37,0,4.18,271,86,271,2,2
302876896,Brand_3,2019W25,Stainless Steel,411,298,42,40,41.429,0.787,4.18,272,86,272,272,1
303746320,Brand_3,2019W19,White,318,114,3,3,3,0,4.3,770,86,770,770,12
303746320,Brand_3,2019W20,White,333,114,3,3,3,0,4.3,782,86,782,12,12
303746320,Brand_3,2019W21,White,351,114,3,3,3,0,4.3,793,86,793,11,11
303746320,Brand_3,2019W22,White,315,114,3,3,3,0,4.3,808,86,808,15,15
303746320,Brand_3,2019W23,White,388,114,3,3,3,0,4.3,822,86,822,14,14
303746320,Brand_3,2019W24,White,348,114,3,3,3,0,4.31,835,86,835,13,13
303746320,Brand_3,2019W25,White,372,114,3,3,3,0,4.31,844,86,844,844,9
303746335,Brand_3,2019W19,Bronze,534,149,1,1,1,0,4.3,770,86,770,770,12
303746335,Brand_3,2019W20,Bronze,474,149,1,1,1,0,4.3,782,86,782,12,12
303746335,Brand_3,2019W21,Bronze,479,149,1,1,1,0,4.3,793,86,793,11,11
303746335,Brand_3,2019W22,Bronze,471,149,1,1,1,0,4.3,808,86,808,15,15
303746335,Brand_3,2019W23,Bronze,422,149,1,1,1,0,4.3,822,86,822,14,14
303746335,Brand_3,2019W24,Bronze,441,149,1,1,1,0,4.31,835,86,835,13,13
303746335,Brand_3,2019W25,Bronze,430,149,1,1,1,0,4.31,844,86,844,844,9
303746288,Brand_3,2019W19,Stainless Steel,1304,139,4,4,4,0,4.34,915,89,915,915,12
303746288,Brand_3,2019W20,Stainless Steel,1347,139,4,4,4,0,4.34,927,89,927,12,12
303746288,Brand_3,2019W21,Stainless Steel,1241,139,4,4,4,0,4.35,940,89,940,13,13
303746288,Brand_3,2019W22,Stainless Steel,1271,139,4,4,4,0,4.34,956,89,956,16,16
303746288,Brand_3,2019W23,Stainless Steel,1225,139,4,4,4,0,4.35,972,89,972,16,16
303746288,Brand_3,2019W24,Stainless Steel,1235,139,4,4,4,0,4.35,986,89,986,14,14
303746288,Brand_3,2019W25,Stainless Steel,1309,139,4,4,4,0,4.35,997,89,997,997,11
303333645,Brand_3,2019W19,Stainless Steel,171,209,168,162,164.571,2.149,4.71,52,96,52,52,3
303333645,Brand_3,2019W20,Stainless Steel,144,209,171,166,168.571,2.149,4.71,55,96,55,3,3
303333645,Brand_3,2019W21,Stainless Steel,171,209,168,162,164.714,2.138,4.71,55,96,55,0,0
303333645,Brand_3,2019W22,Stainless Steel,178,209,163,159,161.429,1.272,4.71,55,96,55,0,0
303333645,Brand_3,2019W23,Stainless Steel,157,209,174,168,171.167,2.137,4.71,55,96,55,0,0
303333645,Brand_3,2019W24,Stainless Steel,141,209,177,169,173,2.887,4.71,55,96,55,0,0
303333645,Brand_3,2019W25,Stainless Steel,165,209,180,170,175,3.109,4.71,56,96,56,56,1
303781063,Brand_1,2019W19,Chrome,333,94,27,27,27,0,4.26,70,100,70,70,0
303781063,Brand_1,2019W20,Chrome,293,94,25,25,25,0,4.26,70,100,70,0,0
303781063,Brand_1,2019W21,Chrome,266,94,27,25,25.571,0.976,4.26,70,100,70,0,0
303781063,Brand_1,2019W22,Chrome,316,94,25,25,25,0,4.26,70,100,70,0,0
303781063,Brand_1,2019W36,Chrome,223,89,32,26,29.286,2.498,4.21,85,100,85,15,15
303781063,Brand_1,2019W37,Chrome,197,89,32,28,30.714,1.704,4.22,86,100,86,1,1
303781063,Brand_1,2019W38,Chrome,225,89,40,39,39.143,0.378,4.22,86,100,86,0,0
303781063,Brand_1,2019W39,Chrome,194,84.86,39,14,24.714,13.363,4.23,87,100,87,1,1
303781063,Brand_1,2019W49,Chrome,38,84.86,56,52,54.143,1.574,4.23,87,100,87,0,0
303781063,Brand_1,2019W50,Chrome,24,84.86,62,51,56.571,4.429,4.24,88,100,88,1,1
303781063,Brand_1,2019W51,Chrome,102,84.86,58,51,54.714,2.36,4.21,89,100,89,1,1
303781063,Brand_1,2019W52,Chrome,115,84.86,68,49,54.571,6.321,4.21,89,100,89,0,0
303781063,Brand_1,2020W01,Chrome,135,84.86,53,49,51,2.828,4.21,89,100,89,89,0
303746275,Brand_3,2019W19,Chrome,1277,99,2,2,2,0,4.3,772,86,772,772,12
303746275,Brand_3,2019W20,Chrome,1675,99,2,2,2,0,4.29,784,86,784,12,12
303746275,Brand_3,2019W21,Chrome,1848,99,2,2,2,0,4.3,795,86,795,11,11
303746275,Brand_3,2019W22,Chrome,1759,99,2,2,2,0,4.3,810,86,810,15,15
303746275,Brand_3,2019W23,Chrome,1799,99,2,2,2,0,4.3,824,86,824,14,14
303746275,Brand_3,2019W24,Chrome,1897,99,2,2,2,0,4.3,837,86,837,13,13
303746275,Brand_3,2019W25,Chrome,1880,99,2,2,2,0,4.3,846,86,846,846,9
303430927,Brand_2,2019W19,Stainless Steel,32,219,221,213,217,2.769,4.65,37,90,37,37,0
303430927,Brand_2,2019W20,Stainless Steel,42,219,224,214,220.143,3.671,4.65,37,90,37,0,0
303430927,Brand_2,2019W21,Stainless Steel,31,219,223,212,216.857,4.525,4.65,37,90,37,0,0
303430927,Brand_2,2019W22,Stainless Steel,50,219,235,216,225.857,7.313,4.65,37,90,37,0,0
303430927,Brand_2,2019W36,Stainless Steel,24,199,226,219,221.857,2.61,4.57,42,89,42,5,5
303430927,Brand_2,2019W37,Stainless Steel,23,199,227,224,225.429,0.976,4.57,42,89,42,0,0
303430927,Brand_2,2019W38,Stainless Steel,36,199,228,225,227,1,4.57,42,89,42,0,0
303430927,Brand_2,2019W39,Stainless Steel,33,199,230,152,183,34.122,4.57,42,89,42,0,0
303430927,Brand_2,2019W49,Stainless Steel,23,199,300,256,272.167,17.747,4.56,45,90,45,3,3
303430927,Brand_2,2019W50,Stainless Steel,33,199,308,286,294.571,7.3,4.56,45,90,45,0,0
303430927,Brand_2,2019W51,Stainless Steel,41,199,306,273,288.714,12.459,4.51,47,90,47,2,2
303430927,Brand_2,2019W52,Stainless Steel,31,199,287,259,273.143,8.194,4.44,48,90,48,1,1
303430927,Brand_2,2020W01,Stainless Steel,25,199,277,270,273.5,4.95,4.44,48,90,48,48,0
303430743,Brand_2,2019W19,Stainless Steel,25,209,91,81,86.286,3.302,4.5,18,100,18,18,0
303430743,Brand_2,2019W20,Stainless Steel,34,209,83,81,81.286,0.756,4.5,18,100,18,0,0
303430743,Brand_2,2019W21,Stainless Steel,27,209,85,81,82.714,1.704,4.5,18,100,18,0,0
303430743,Brand_2,2019W22,Stainless Steel,35,209,88,86,86.857,1.069,4.5,18,100,18,0,0
303430743,Brand_2,2019W36,Stainless Steel,24,199,72,64,68.429,3.457,4.33,21,100,21,3,3
303430743,Brand_2,2019W37,Stainless Steel,31,199,75,68,73.143,2.673,4.33,21,100,21,0,0
303430743,Brand_2,2019W38,Stainless Steel,24,199,75,71,72.429,1.813,4.33,21,100,21,0,0
303430743,Brand_2,2019W39,Stainless Steel,14,199,73,35,55.714,17.134,4.33,21,100,21,0,0
303430743,Brand_2,2019W49,Stainless Steel,15,199,87,63,71.571,8.886,3.96,24,100,24,3,3
303430743,Brand_2,2019W50,Stainless Steel,30,199,85,71,78.286,5.09,3.84,25,100,25,1,1
303430743,Brand_2,2019W51,Stainless Steel,32,199,71,65,68.714,2.43,3.84,25,100,25,0,0
303430743,Brand_2,2019W52,Stainless Steel,10,199,77,60,64.833,6.432,3.84,25,100,25,0,0
303430743,Brand_2,2020W01,Stainless Steel,29,199,71,67,69,2.828,3.84,25,100,25,25,0
303430797,Brand_2,2019W19,Nickel,77,99,343,334,339,3.512,4.67,21,95,21,21,0
303430797,Brand_2,2019W20,Nickel,35,99,342,319,330.143,9.459,4.67,21,95,21,0,0
303430797,Brand_2,2019W21,Nickel,18,99,325,324,324.857,0.378,4.67,21,95,21,0,0
303430797,Brand_2,2019W22,Nickel,14,99,349,339,343.571,4.392,4.67,21,95,21,0,0
303430797,Brand_2,2019W37,Nickel,3,99,409,396,403.2,6.611,4.67,21,95,21,0,0
303430797,Brand_2,2019W38,Nickel,8,99,427,405,415.143,8.112,4.67,21,95,21,0,0
303430797,Brand_2,2019W39,Nickel,8,99,424,401,410.6,9.607,4.67,21,95,21,0,0
303430797,Brand_2,2019W52,Nickel,1,99,481,324,396.667,52.671,4.55,22,95,22,22,1
303425679,Brand_2,2019W19,Chrome,41,119,334,219,270.714,58.668,4.73,26,96,26,26,0
303425679,Brand_2,2019W20,Chrome,61,119,227,212,218.714,6.317,4.73,26,96,26,0,0
303425679,Brand_2,2019W21,Chrome,28,119,229,216,220.143,5.113,4.73,26,96,26,0,0
303425679,Brand_2,2019W22,Chrome,22,119,231,223,227.714,3.251,4.73,26,96,26,0,0
303425679,Brand_2,2019W36,Chrome,35,119,215,194,202.143,8.513,4.77,30,96,30,4,4
303425679,Brand_2,2019W37,Chrome,28,119,199,193,194.714,1.976,4.77,30,96,30,0,0
303425679,Brand_2,2019W38,Chrome,33,119,609,209,298.857,154.847,4.77,30,96,30,0,0
303425679,Brand_2,2019W39,Chrome,42,119,220,123,171.571,42.704,4.77,30,96,30,0,0
303425679,Brand_2,2019W49,Chrome,25,119,282,217,243.571,25.69,4.78,32,96,32,2,2
303425679,Brand_2,2019W50,Chrome,32,119,262,220,242.857,15.879,4.78,32,96,32,0,0
303425679,Brand_2,2019W51,Chrome,26,119,281,240,266.429,12.515,4.78,32,96,32,0,0
303425679,Brand_2,2019W52,Chrome,9,119,320,267,284.286,19.576,4.78,32,96,32,0,0
303425679,Brand_2,2020W01,Chrome,17,119,259,243,251,11.314,4.78,32,96,32,32,0
303425660,Brand_2,2019W19,Nickel,1,159,335,218,270.571,59.735,4.73,26,96,26,26,0
303425660,Brand_2,2019W21,Nickel,3,159,228,215,219.143,5.113,4.73,26,96,26,0,0
303425660,Brand_2,2019W22,Nickel,3,159,230,222,226.714,3.251,4.73,26,96,26,0,0
303425660,Brand_2,2019W38,Nickel,4,159.22,608,208,297.857,154.847,4.77,30,96,30,4,4
303425660,Brand_2,2019W39,Nickel,1,159.22,219,122,170.571,42.704,4.77,30,96,30,0,0
303425660,Brand_2,2019W52,Nickel,1,159.22,319,266,283.286,19.576,4.78,32,96,32,2,2
303425660,Brand_2,2020W01,Nickel,2,159.22,258,242,250,11.314,4.78,32,96,32,32,0
303430821,Brand_2,2019W22,Chrome,2,89,348,338,342.571,4.392,4.67,21,95,21,21,0
303430821,Brand_2,2019W37,Chrome,1,89.77,410,397,404.2,6.611,4.67,21,95,21,0,0
303430821,Brand_2,2019W38,Chrome,2,89.77,428,406,416.143,8.112,4.67,21,95,21,0,0
303430821,Brand_2,2019W39,Chrome,1,89.77,425,402,411,10,4.67,21,95,21,0,0
303430821,Brand_2,2019W52,Chrome,1,89.77,482,325,397.667,52.671,4.55,22,95,22,22,1
303425575,Brand_2,2019W21,Nickel,1,129,120,117,118.571,1.134,4.5,36,100,36,36,0
303425575,Brand_2,2019W22,Nickel,1,129,121,118,120,1,4.5,36,100,36,0,0
303425575,Brand_2,2019W37,Nickel,4,129.36,115,110,112.286,2.289,4.53,38,100,38,2,2
303425575,Brand_2,2019W38,Nickel,2,129.36,126,121,123.571,2.299,4.53,38,100,38,0,0
303425575,Brand_2,2019W39,Nickel,0,129.36,123,86,102.571,18.555,4.54,39,100,39,1,1
303425575,Brand_2,2019W49,Nickel,2,129.36,148,140,145.714,2.69,4.54,39,100,39,0,0
303425575,Brand_2,2019W50,Nickel,1,129.36,158,140,152.286,7.135,4.54,39,100,39,0,0
303425575,Brand_2,2020W01,Nickel,2,129.36,148,141,144.5,4.95,4.55,40,100,40,40,1
303425593,Brand_2,2019W19,Chrome,74,109,127,125,126.571,0.787,4.44,36,100,36,36,0
303425593,Brand_2,2019W20,Chrome,76,109,128,124,126.571,1.813,4.44,36,100,36,0,0
303425593,Brand_2,2019W21,Chrome,68,109,121,118,119.571,1.134,4.41,37,100,37,1,1
303425593,Brand_2,2019W22,Chrome,63,109,122,119,121,1,4.41,37,100,37,0,0
303425593,Brand_2,2019W36,Chrome,50,109,122,113,118,3.266,4.44,39,100,39,2,2
303425593,Brand_2,2019W37,Chrome,73,109,116,111,113.286,2.289,4.44,39,100,39,0,0
303425593,Brand_2,2019W38,Chrome,39,109,127,122,124.571,2.299,4.44,39,100,39,0,0
303425593,Brand_2,2019W39,Chrome,54,109,124,87,103.714,18.732,4.41,41,100,41,2,2
303425593,Brand_2,2019W49,Chrome,49,109,149,141,146.714,2.69,4.41,41,100,41,0,0
303425593,Brand_2,2019W50,Chrome,42,109,159,141,153.143,7.01,4.41,41,100,41,0,0
303425593,Brand_2,2019W51,Chrome,54,109,151,138,143.857,4.634,4.41,41,100,41,0,0
303425593,Brand_2,2019W52,Chrome,16,109,155,136,144.286,6.13,4.41,41,100,41,0,0
303425593,Brand_2,2020W01,Chrome,37,109,149,142,145.5,4.95,4.43,42,100,42,42,1
303430895,Brand_2,2019W19,Chrome,3,199,220,212,216,2.769,4.55,38,98,38,38,0
303430895,Brand_2,2019W20,Chrome,1,199,223,213,219.143,3.671,4.55,38,98,38,0,0
303430895,Brand_2,2019W22,Chrome,3,199,234,215,224.857,7.313,4.55,38,98,38,0,0
303430895,Brand_2,2019W36,Chrome,1,195.68,225,218,220.714,2.498,4.55,42,98,42,4,4
303430895,Brand_2,2019W37,Chrome,1,195.68,226,223,224.429,0.976,4.55,42,98,42,0,0
303430895,Brand_2,2019W38,Chrome,3,195.68,227,224,225.857,0.9,4.55,42,98,42,0,0
303430895,Brand_2,2019W49,Chrome,4,195.68,299,255,271.333,17.907,4.53,45,91,45,3,3
303430895,Brand_2,2019W50,Chrome,2,195.68,307,285,293.571,7.3,4.53,45,91,45,0,0
303430895,Brand_2,2019W51,Chrome,2,195.68,305,272,287.714,12.459,4.49,47,91,47,2,2
303430895,Brand_2,2019W52,Chrome,3,195.68,286,258,272.286,8.18,4.42,48,91,48,1,1
303430895,Brand_2,2020W01,Chrome,2,195.68,276,269,272.5,4.95,4.42,48,91,48,48,0
303430852,Brand_2,2019W19,Nickel,36,103.99,200,196,198.143,1.773,4.64,28,100,28,28,0
303430852,Brand_2,2019W20,Nickel,19,103.99,204,191,196.857,4.298,4.64,28,100,28,0,0
303430852,Brand_2,2019W21,Nickel,31,103.99,206,195,200.143,4.059,4.64,28,100,28,0,0
303430852,Brand_2,2019W22,Nickel,34,103.99,205,191,197.857,5.273,4.64,28,100,28,0,0
303430852,Brand_2,2019W36,Nickel,35,103.99,183,175,179.286,2.984,4.61,31,100,31,3,3
303430852,Brand_2,2019W37,Nickel,29,103.99,181,178,179.286,1.38,4.61,31,100,31,0,0
303430852,Brand_2,2019W38,Nickel,31,103.99,193,185,189.429,3.552,4.61,31,100,31,0,0
303430852,Brand_2,2019W39,Nickel,22,103.99,188,97,147.857,36.626,4.61,31,100,31,0,0
303430852,Brand_2,2019W49,Nickel,29,103.99,210,197,203.714,4.424,4.63,35,100,35,4,4
303430852,Brand_2,2019W50,Nickel,18,103.99,226,202,212.429,7.368,4.63,35,100,35,0,0
303430852,Brand_2,2019W51,Nickel,26,103.99,233,220,226,5.657,4.61,36,100,36,1,1
303430852,Brand_2,2019W52,Nickel,21,103.99,302,217,240.143,30.954,4.61,36,100,36,0,0
303430852,Brand_2,2020W01,Nickel,15,103.99,242,238,240,2.828,4.61,36,100,36,36,0
303430859,Brand_2,2019W19,Chrome,36,99,201,197,199.143,1.773,4.64,28,100,28,28,0
303430859,Brand_2,2019W20,Chrome,39,99,205,192,197.857,4.298,4.64,28,100,28,0,0
303430859,Brand_2,2019W21,Chrome,33,99,207,196,201.143,4.059,4.64,28,100,28,0,0
303430859,Brand_2,2019W22,Chrome,27,99,206,192,198.857,5.273,4.64,28,100,28,0,0
303430859,Brand_2,2019W36,Chrome,41,99,184,176,180.286,2.984,4.61,31,100,31,3,3
303430859,Brand_2,2019W37,Chrome,17,99,182,179,180.286,1.38,4.61,31,100,31,0,0
303430859,Brand_2,2019W38,Chrome,22,99,194,186,190.286,3.729,4.61,31,100,31,0,0
303430859,Brand_2,2019W39,Chrome,32,99,189,96,148.286,37.304,4.61,31,100,31,0,0
303430859,Brand_2,2019W49,Chrome,27,99,211,198,204.714,4.424,4.63,35,100,35,4,4
303430859,Brand_2,2019W50,Chrome,39,99,227,203,213.571,7.277,4.63,35,100,35,0,0
303430859,Brand_2,2019W51,Chrome,30,99,234,221,227,5.657,4.61,36,100,36,1,1
303430859,Brand_2,2019W52,Chrome,23,99,304,218,241.286,31.287,4.61,36,100,36,0,0
303430859,Brand_2,2020W01,Chrome,31,99,243,239,241,2.828,4.61,36,100,36,36,0
303430709,Brand_2,2019W19,Chrome,4,199,90,80,85.286,3.302,4.5,18,100,18,18,0
303430709,Brand_2,2019W20,Chrome,1,199,82,80,80.286,0.756,4.5,18,100,18,0,0
303430709,Brand_2,2019W22,Chrome,3,199,87,85,85.857,1.069,4.5,18,100,18,0,0
303430709,Brand_2,2019W37,Chrome,1,179,74,67,72,2.769,4.33,21,100,21,3,3
303430709,Brand_2,2019W38,Chrome,1,179,74,70,71.429,1.813,4.33,21,100,21,0,0
303430709,Brand_2,2019W49,Chrome,1,179,86,62,70.571,8.886,3.96,24,100,24,3,3
303430709,Brand_2,2019W50,Chrome,3,179,84,70,77.286,5.09,3.84,25,100,25,1,1
303430709,Brand_2,2019W52,Chrome,1,179,77,59,66.286,7.342,3.84,25,100,25,0,0
303430709,Brand_2,2020W01,Chrome,1,179,70,66,68,2.828,3.84,25,100,25,25,0
304216166,Brand_3,2019W19,Black,11,228,73,65,69.714,2.928,4.41,298,84,298,298,3
304216166,Brand_3,2019W20,Black,12,228,78,65,72.286,4.309,4.41,301,84,301,3,3
304216166,Brand_3,2019W21,Black,14,228,78,70,74.429,3.047,4.41,302,84,302,1,1
304216166,Brand_3,2019W22,Black,17,228,70,67,68.714,1.254,4.42,303,84,303,1,1
304216166,Brand_3,2019W23,Black,15,228,70,65,69,1.826,4.42,304,84,304,1,1
304216166,Brand_3,2019W24,Black,14,228,73,68,71.286,1.89,4.41,306,84,306,2,2
304216166,Brand_3,2019W25,Black,26,228,77,61,69.714,4.889,4.41,306,84,306,306,0
304216169,Brand_3,2019W19,Stainless Steel,252,214,119,114,116.429,2.225,4.74,85,94,85,85,3
304216169,Brand_3,2019W20,Stainless Steel,270,214,124,119,121.143,2.193,4.73,88,94,88,3,3
304216169,Brand_3,2019W21,Stainless Steel,284,214,126,121,124.571,1.813,4.73,89,94,89,1,1
304216169,Brand_3,2019W22,Stainless Steel,265,214,130,121,125.143,2.795,4.73,89,94,89,0,0
304216169,Brand_3,2019W23,Stainless Steel,279,214,124,123,123.667,0.516,4.7,91,94,91,2,2
304216169,Brand_3,2019W24,Stainless Steel,249,214,128,120,124.286,2.43,4.71,93,94,93,2,2
304216169,Brand_3,2019W25,Stainless Steel,311,214,138,128,132.857,3.024,4.72,97,94,97,97,4
303781086,Brand_1,2019W19,Stainless Steel,53,114,26,26,26,0,4.26,70,100,70,70,0
303781086,Brand_1,2019W20,Stainless Steel,54,114,24,24,24,0,4.26,70,100,70,0,0
303781086,Brand_1,2019W21,Stainless Steel,47,114,26,24,24.571,0.976,4.26,70,100,70,0,0
303781086,Brand_1,2019W22,Stainless Steel,48,114,24,24,24,0,4.26,70,100,70,0,0
303781086,Brand_1,2019W36,Stainless Steel,35,103.23,31,25,28.286,2.498,4.21,85,100,85,15,15
303781086,Brand_1,2019W37,Stainless Steel,38,103.23,31,27,29.714,1.704,4.22,86,100,86,1,1
303781086,Brand_1,2019W38,Stainless Steel,55,103.23,39,38,38.143,0.378,4.22,86,100,86,0,0
303781086,Brand_1,2019W39,Stainless Steel,51,103.23,38,13,23.714,13.363,4.23,87,100,87,1,1
303781086,Brand_1,2019W49,Stainless Steel,45,103.23,55,51,53,1.633,4.23,87,100,87,0,0
303781086,Brand_1,2019W50,Stainless Steel,40,103.23,61,50,55.571,4.429,4.24,88,100,88,1,1
303781086,Brand_1,2019W51,Stainless Steel,38,103.23,57,50,53.857,2.34,4.21,89,100,89,1,1
303781086,Brand_1,2019W52,Stainless Steel,60,103.23,67,48,53.429,6.347,4.21,89,100,89,0,0
303781086,Brand_1,2020W01,Stainless Steel,49,103.23,52,48,50,2.828,4.21,89,100,89,89,0
304924820,Brand_3,2019W19,Bronze,85,159,6,6,6,0,4.47,364,93,364,364,4
304924820,Brand_3,2019W20,Bronze,89,159,6,6,6,0,4.47,368,93,368,4,4
304924820,Brand_3,2019W21,Bronze,110,159,6,6,6,0,4.46,372,93,372,4,4
304924820,Brand_3,2019W22,Bronze,105,159,6,6,6,0,4.45,380,93,380,8,8
304924820,Brand_3,2019W23,Bronze,98,159,6,6,6,0,4.46,385,93,385,5,5
304924820,Brand_3,2019W24,Bronze,93,159,3,3,3,0,4.47,392,93,392,7,7
304924820,Brand_3,2019W25,Bronze,81,159,3,3,3,0,4.47,401,93,401,401,9
304216170,Brand_3,2019W19,Black,26,259,189,153,177.286,13.187,4.67,27,93,27,27,0
304216170,Brand_3,2019W20,Black,34,259,185,181,183.143,1.464,4.67,27,93,27,0,0
304216170,Brand_3,2019W21,Black,16,259,182,164,170.857,7.946,4.66,29,93,29,2,2
304216170,Brand_3,2019W22,Black,24,259,165,161,163.714,1.496,4.66,29,93,29,0,0
304216170,Brand_3,2019W23,Black,12,259,175,170,172.5,2.074,4.67,30,93,30,1,1
304216170,Brand_3,2019W24,Black,22,259,177,169,174,2.517,4.68,31,93,31,1,1
304216170,Brand_3,2019W25,Black,25,259,179,164,171.286,4.68,4.59,32,93,32,32,1
305718373,Brand_3,2019W19,Chrome,942,64,20,20,20,0,4.35,81,96,81,81,1
305718373,Brand_3,2019W20,Chrome,929,64,19,17,18.429,0.976,4.32,82,96,82,1,1
305718373,Brand_3,2019W21,Chrome,936,64,19,19,19,0,4.3,84,95,84,2,2
305718373,Brand_3,2019W22,Chrome,863,64,19,19,19,0,4.3,84,95,84,0,0
305718373,Brand_3,2019W23,Chrome,990,64,19,19,19,0,4.3,84,95,84,0,0
305718373,Brand_3,2019W24,Chrome,870,64,19,19,19,0,4.31,87,95,87,3,3
305718373,Brand_3,2019W25,Chrome,1012,64,19,19,19,0,4.31,90,95,90,90,3
305716254,Brand_3,2019W19,Stainless Steel,722,78,24,24,24,0,4.69,87,94,87,87,4
305716254,Brand_3,2019W20,Stainless Steel,711,78,21,20,20.571,0.535,4.67,91,94,91,4,4
305716254,Brand_3,2019W21,Stainless Steel,669,78,22,20,20.714,0.951,4.67,91,94,91,0,0
305716254,Brand_3,2019W22,Stainless Steel,745,78,22,22,22,0,4.67,92,94,92,1,1
305716254,Brand_3,2019W23,Stainless Steel,682,78,20,20,20,0,4.66,98,94,98,6,6
305716254,Brand_3,2019W24,Stainless Steel,658,78,22,20,20.429,0.787,4.67,101,94,101,3,3
305716254,Brand_3,2019W25,Stainless Steel,724,78,20,20,20,0,4.68,105,94,105,105,4
305716253,Brand_3,2019W19,Chrome,1565,64,13,13,13,0,4.22,152,92,152,152,3
305716253,Brand_3,2019W20,Chrome,1587,64,12,12,12,0,4.23,155,92,155,3,3
305716253,Brand_3,2019W21,Chrome,1556,64,12,11,11.571,0.535,4.22,157,92,157,2,2
305716253,Brand_3,2019W22,Chrome,1507,64,11,11,11,0,4.23,159,92,159,2,2
305716253,Brand_3,2019W23,Chrome,1623,64,11,11,11,0,4.22,162,92,162,3,3
305716253,Brand_3,2019W24,Chrome,1590,64,11,11,11,0,4.22,168,92,168,6,6
305716253,Brand_3,2019W25,Chrome,1606,64,11,11,11,0,4.24,172,92,172,172,4
305718393,Brand_3,2019W19,Chrome,1031,54,27,27,27,0,4.4,75,96,75,75,1
305718393,Brand_3,2019W20,Chrome,976,54,24,24,24,0,4.39,76,96,76,1,1
305718393,Brand_3,2019W21,Chrome,986,54,24,24,24,0,4.43,80,96,80,4,4
305718393,Brand_3,2019W22,Chrome,900,54,24,24,24,0,4.43,82,96,82,2,2
305718393,Brand_3,2019W23,Chrome,1118,54,24,23,23.857,0.378,4.43,84,96,84,2,2
305718393,Brand_3,2019W24,Chrome,956,54,23,23,23,0,4.43,84,96,84,0,0
305718393,Brand_3,2019W25,Chrome,980,54,23,23,23,0,4.42,86,96,86,86,2
305599569,Brand_3,2019W19,Chrome,241,139,34,33,33.429,0.535,4.48,42,95,42,42,0
305599569,Brand_3,2019W20,Chrome,243,139,30,30,30,0,4.48,42,95,42,0,0
305599569,Brand_3,2019W21,Chrome,190,139,30,30,30,0,4.48,44,95,44,2,2
305599569,Brand_3,2019W22,Chrome,212,139,30,30,30,0,4.49,45,95,45,1,1
305599569,Brand_3,2019W23,Chrome,245,139,32,30,30.429,0.787,4.49,45,95,45,0,0
305599569,Brand_3,2019W24,Chrome,213,139,32,32,32,0,4.5,46,95,46,1,1
305599569,Brand_3,2019W25,Chrome,224,139,32,30,31.286,0.951,4.53,49,95,49,49,3
305608949,Brand_3,2019W19,Stainless Steel,130,149,24,24,24,0,4.67,43,97,43,43,1
305608949,Brand_3,2019W20,Stainless Steel,190,149,21,21,21,0,4.68,44,95,44,1,1
305608949,Brand_3,2019W21,Stainless Steel,186,139,21,21,21,0,4.64,45,95,45,1,1
305608949,Brand_3,2019W22,Stainless Steel,182,139,21,21,21,0,4.65,46,93,46,1,1
305608949,Brand_3,2019W23,Stainless Steel,166,139,23,23,23,0,4.65,46,93,46,0,0
305608949,Brand_3,2019W24,Stainless Steel,160,139,23,23,23,0,4.65,46,93,46,0,0
305608949,Brand_3,2019W25,Stainless Steel,192,139,23,19,22.143,1.574,4.62,47,93,47,47,1
305717959,Brand_3,2019W19,Stainless Steel,104,159,25,25,25,0,4.65,23,95,23,23,1
305717959,Brand_3,2019W20,Stainless Steel,112,159,23,22,22.286,0.488,4.63,24,95,24,1,1
305717959,Brand_3,2019W21,Stainless Steel,88,159,23,23,23,0,4.64,25,95,25,1,1
305717959,Brand_3,2019W22,Stainless Steel,99,159,23,22,22.571,0.535,4.64,25,96,25,0,0
305717959,Brand_3,2019W23,Stainless Steel,118,159,26,26,26,0,4.64,25,96,25,0,0
305717959,Brand_3,2019W24,Stainless Steel,80,159,24,24,24,0,4.62,26,96,26,1,1
305717959,Brand_3,2019W25,Stainless Steel,112,159,24,20,23.143,1.574,4.62,26,96,26,26,0
308674559,Brand_3,2019W23,Stainless Steel,1,249,1060,1060,1060,0,NA,NA,NA,NA,NA,NA
308674559,Brand_3,2019W24,Stainless Steel,0,249,1061,898,968.571,79.751,NA,NA,NA,NA,NA,NA
308674559,Brand_3,2019W25,Stainless Steel,0,249,900,880,891.333,8.383,NA,NA,NA,NA,NA,NA
307657684,Brand_1,2019W36,Stainless Steel,124,159,267,265,265.714,0.951,4.71,21,100,21,21,0
307657684,Brand_1,2019W37,Stainless Steel,108,159,271,264,269,2.309,4.71,21,100,21,0,0
307657684,Brand_1,2019W38,Stainless Steel,119,159,260,256,257.571,1.397,4.73,22,100,22,1,1
307657684,Brand_1,2019W39,Stainless Steel,120,159,253,119,168.571,62.271,4.74,23,100,23,1,1
307657684,Brand_1,2019W49,Stainless Steel,141,159,253,236,248.143,6.619,4.79,28,100,28,5,5
307657684,Brand_1,2019W50,Stainless Steel,121,159,252,230,238,7.979,4.79,28,100,28,0,0
307657684,Brand_1,2019W51,Stainless Steel,137,159,253,230,240.571,9.108,4.67,33,96,33,5,5
307657684,Brand_1,2019W52,Stainless Steel,151,159,245,229,236.286,5.992,4.65,34,97,34,1,1
307657684,Brand_1,2020W01,Stainless Steel,163,159,246,226,236,14.142,4.65,34,97,34,34,0
307716711,Brand_1,2019W36,Nickel,74,79,94,76,85.714,5.88,4.94,32,100,32,32,0
307716711,Brand_1,2019W37,Nickel,57,79,83,69,76.714,5.219,4.94,32,100,32,0,0
307716711,Brand_1,2019W38,Nickel,56,79,86,79,82.286,2.289,4.94,33,100,33,1,1
307716711,Brand_1,2019W39,Nickel,59,79,90,75,81.429,5.381,4.91,35,100,35,2,2
307716711,Brand_1,2019W49,Nickel,93,69,181,143,166.429,13.575,4.93,40,100,40,5,5
307716711,Brand_1,2019W50,Nickel,83,69,165,101,133.714,22.381,4.93,40,100,40,0,0
307716711,Brand_1,2019W51,Nickel,66,69,141,112,124.429,11.674,4.93,40,100,40,0,0
307716711,Brand_1,2019W52,Nickel,95,69,147,105,136.429,14.129,4.93,40,100,40,0,0
307716711,Brand_1,2020W01,Nickel,78,69,136,132,134,2.828,4.93,40,100,40,40,0
308674557,Brand_3,2019W25,Stainless Steel,2,249,917,817,867,70.711,NA,NA,NA,NA,NA,NA
